COMP1,COMP2,COMP3,COMP4,COMP5,COMP6,COMP7, TARGET
9.192836826213222,1.9485830707786163,-1.1231661649251403,3.633730897419137,-1.1951101242170736,1.4114244518030492,2.1593698677702053,0.0
2.387801795802218,-3.7681717420675636,-0.529292686740419,1.1182638623273635,0.6217749802052804,0.028656354525271963,0.01335809354665982,0.0
5.73389627973171,-1.0751737966209094,-0.5517475931812096,0.9120826710188217,-0.17708589843162625,0.541452147256174,-0.668166483739608,0.0
7.122953197708883,10.275589121812796,-3.2327895479751083,0.15254703016111637,-2.960878401828486,3.0534218246170783,1.4299106992325794,0.0
3.9353020736780966,-1.9480715678001725,1.389766726311891,2.9406393466998404,0.5467474017693227,-1.2264946427263939,-0.9362125458835708,0.0
2.3802471503459293,3.9499288955501592,-2.9348767932958175,0.9410368715107585,-1.056041931521544,-0.4510386519750551,0.49044511571859306,0.0
2.2388833080524018,-2.690031277298065,-1.6399129289299457,0.14933988773220092,0.040359517978643254,-0.12894843436958828,-0.30156744574506916,0.0
2.1432985003775435,2.3402440069495407,-0.8719472621970104,-0.12704285731455375,-1.4274366729137138,-1.2570391922409265,0.9740998490315599,0.0
3.1749242930837327,3.3918129518468403,-3.1199859103786562,-0.60129705316589,-1.5222903919203812,0.5595447276551294,-0.2151036995934643,0.0
6.351746789526093,7.727174066864838,-4.341915813265785,-3.3752015799434676,1.7102631424409418,-0.723908740315908,2.5198398244746563,0.0
-0.8104137708452922,-2.659275497686958,-0.48882979387459136,-1.6725665641372596,0.2758115691395741,0.1273318387398162,0.6250123175381535,0.0
2.651100477242398,0.06656792656644782,-1.526455298428458,0.0512615617429566,0.33195111557128815,0.7648666377047478,0.6660924496743936,0.0
8.185034458147948,2.7009764926129676,5.730230807404689,-1.1122565548373633,1.0434704479700307,2.5945712431253836,0.9414973501780548,0.0
0.3421259139901569,-0.9682792608579333,1.7171715837733277,-0.5950029515744079,0.46801050991252335,1.0076601120936777,-1.799081151879846,0.0
4.342379194647856,4.861083312492752,-2.8161155387334187,-1.4545570349674481,1.2900628482845682,-0.3497162379130144,0.7428804951154898,0.0
4.075656175346036,2.9770611803676794,-3.1252741488967524,-2.458070856747967,-0.4083421223931574,0.4957779789253005,0.9150568590202581,0.0
0.23005501571000428,-1.5647577252734424,-0.8025191537880199,-0.6505829141841298,-0.49471104987948916,-0.7621910180301383,-0.08684701919719133,0.0
4.418010915982989,1.4186703334195108,-2.2703190300830167,-0.1862724145669046,-1.4238611922717366,-0.7524893109854615,0.4419848497911024,0.0
4.9487035505651065,-4.1143335249648105,-0.31474911073335987,-0.08820651787104235,-0.05671517579036146,-1.1376888534383176,-0.2512828619693506,0.0
-1.237063356955229,-0.18821495375647473,-0.5932834977755018,1.5963460972617463,-0.44215423440872614,-0.048636781110697726,-1.2016874481712057,1.0
-1.5781612348121745,0.5728081925090142,-1.8014467053426633,1.1252757267806255,-0.3952697334074843,0.430841252714067,0.338483659715272,1.0
-3.557336373550012,1.6629499036242448,0.4511874472016406,2.0737646831914898,-0.490746499131832,-0.7700683482173298,-0.19103873699687654,1.0
4.733210788209761,3.3049637282937687,-1.4665366905115722,2.041150083976519,-0.02622012214808068,3.023043860035549,-1.0071797496347712,0.0
4.208524209049895,-5.128366513937132,-0.7524020249978446,-0.8627102694525488,-0.4709679157410442,-0.5958404334797746,-0.07482841270461259,0.0
4.949632073983735,-1.543752288133415,-1.7131939317219043,0.046759166384725735,-1.7392301992461752,-0.812879620276311,0.800305328136163,0.0
7.098562854912052,2.0186103371086257,-0.029009635418769046,2.5879506036805373,-2.0393399178084937,1.1842014785027406,0.6018535054736684,0.0
3.51026260397183,2.1716251156448325,-3.8945464144583055,-1.2957596791006991,-0.06821804219719789,0.787357335631451,0.2899189758726625,0.0
3.0640538860631183,-1.8765523476875168,2.5817477011413428,0.12848441550209885,-0.11666512663456978,-0.907595059884085,-0.6458347560279885,0.0
4.007264143655831,0.5372421605295601,-2.761625634549514,-1.898387507112248,-0.5256728952674131,0.19284876992607006,0.16113021702033029,0.0
1.7153097265431412,-1.5237050229684266,0.14618709369793514,1.9113864109761263,0.5361232437205036,0.03625982379077461,0.1840303776106002,0.0
6.059445513505041,-0.7571774508791169,-0.3492393995162687,-1.0642175341348297,-0.7461052508461163,0.24208034711180715,0.4619767550138667,0.0
2.9022361049997785,4.005295512374855,-3.001462457644203,-0.3253163795450808,-0.8553558362463962,1.2346794017488445,1.978088443008545,0.0
4.5547826888157745,0.3375361539050531,-0.7543008027122963,-0.700329980722122,-1.5485453357926666,-0.1910075671194389,-0.8895841127080116,0.0
4.990602722476014,-1.1325889056920804,-2.5773841692215482,-1.2172617831435666,0.6699148757044683,0.26747897857172914,1.032616859362831,0.0
2.985340788970853,0.7584232425067473,-3.4937617184101453,0.054260290289618776,0.1670999516144414,1.001786520212841,0.7707720248202228,0.0
2.7663691577777514,-0.354355942472783,-1.8969629974614723,-0.5342558740827225,-0.8840204421825467,2.011035661248839,-0.720595133234512,0.0
1.2961987650208187,0.9131962762388728,-1.575768673749773,-1.0431666396291166,0.4147217156772728,0.5685950133792658,-0.14272090079137773,0.0
-3.7493133959384837,-1.4134731176425188,1.7323077927931207,-0.5654425488546044,0.08033942716600538,0.29026892094390744,-0.8050396064224757,1.0
-0.998068900880087,-3.35129292317381,4.305573840158025,-0.5612096162751472,-0.46437280100846184,-1.494456385407697,1.280254774584117,0.0
0.7652641153962586,0.8862439528803254,-2.7049183127633825,-0.27477974977206937,0.8104294442657258,-1.037350856203585,-0.1777244034394827,0.0
-2.150953470730419,-1.9239916158362211,-1.1804841584142851,-1.113198027103733,0.44847173808418106,0.9291124825252495,0.04187255489649773,0.0
-0.09333138656721436,2.260752006193166,-1.9047264819066614,-1.4423071234931772,-1.7053639599794768,-2.122638445593664,-0.49697865159680366,0.0
9.087999677261319,2.0186730993370197,2.1412262906443003,-1.069244022542444,0.7979314288465917,4.311093719883475,0.43416547669300676,0.0
0.9904537655030473,0.9849300203816983,-2.3107336560423946,-0.2768255074628584,-0.6405109848033971,0.24278169405482974,0.6137734900190521,0.0
-0.2935465509280995,-0.13709909082096441,-3.3019319207789226,-1.0097858647198052,-0.02251088181063212,0.11014620004847411,0.23360423402000824,0.0
5.380940406937093,-0.13487697768516854,-1.6788425626741041,1.5076949095842906,0.15199820704762607,0.4239048123585054,-0.7881745339687445,0.0
-4.581936672186454,1.4842203177723556,0.042074611612044635,0.29622912941152546,-0.7138525125300149,0.5759267601744833,0.22320193522419138,1.0
1.700006886837165,2.352271793659258,-3.0780890942518484,-0.06602095276021862,-1.0564664087495994,-0.28210962807113155,-0.16062044690759364,0.0
-2.1364452772841016,0.09582960948792964,-1.4924118891214906,1.121063205605138,-0.0680372285849952,-0.6934917304824679,0.1973340196572625,1.0
-1.5674789972081586,-1.2084332137934004,-0.36915910575910305,-1.4756288221072782,0.17275043757655195,0.5452839168251531,-0.6844790320531178,1.0
-3.542905557463748,-1.2824955784727397,1.0182109359875744,-0.608156238704049,-0.21963592240094662,0.266247882860664,0.45403709642147705,1.0
-3.157814050181378,-1.6889585955389228,-0.4962937182328953,0.19401210290029014,1.4399175504094432,-0.2565387373391133,0.44533540160339447,1.0
-3.4504885435159087,-0.4982187141501252,-0.15251795711357874,0.5754864186421981,-0.052314880999618674,0.6298908854626559,0.06082708951156943,1.0
3.302550951378988,-1.1309378049443064,0.8263925990465824,0.9827170121329967,-1.1952630043010397,0.7078496853622057,0.6485099598121995,0.0
-0.6746192855718287,-2.116409716864,-1.3962197485458394,-1.0431386803210914,0.24181680158687605,-0.6566550554732521,-0.2154531837642337,0.0
-2.8581584400465356,0.1527231362364743,0.42893494025200113,0.483060318567386,-1.510536607767032,1.278863886957857,-0.3929083280462938,1.0
4.648738872436684,-2.3103325702515627,-0.7288088562146758,0.6399416903912457,-1.1583244871106944,-0.17859183391871492,-0.18550657315704722,0.0
2.1768628822290865,0.9721160460019874,-1.9438883337289847,-0.7373182874545579,-0.39578382169278875,0.4623340836054383,0.536681645946312,0.0
-3.7214589928322,-1.7876416504638883,1.2799328199219806,0.11556576513185698,-0.5262823235110595,0.7057399314932611,0.4878069862322239,1.0
-4.135962943789872,2.403792485458972,-1.24295840533245,2.0483464666829994,-1.165652401341856,-0.9010594210799505,0.406830331634643,1.0
-2.3858356631344577,2.757658129726399,1.2140856312728021,1.7944891410105193,-3.3381580350958395,2.5407836917151627,0.7464375539101483,1.0
-2.5788832519685054,3.138671922743854,1.4002801852226332,-0.7638665290019637,-2.7840954721507725,-0.815735611919389,-0.3962581523997731,1.0
4.759112153866087,3.011680506375224,-0.16624072170065773,-0.6058278290099621,1.1417013648878112,-1.2200670878485023,0.820023985347063,0.0
-2.314132249371502,3.2679896792372243,2.7962242450184687,0.5657264357766814,-0.38183408865031265,2.9582835184817555,0.21056495655640237,1.0
1.6916079231689933,1.5406765571043683,-1.799845235390384,-1.3905895681950204,-1.2126749858135741,-1.2432108526222054,-0.005788546736055874,0.0
1.812305405006922,0.7227401911782756,-1.4662495705857082,-1.1987300424802985,-1.4280415889691689,-0.7280624721899,-0.5314264885986762,0.0
-2.785924756666445,2.3106487123078057,0.47272530276492725,-1.6071602853041929,-1.6128581571966698,-1.1895734718481636,0.16952712831419617,1.0
-3.5186483396476453,-0.6583094692607124,0.5913749606899389,-0.010802686059444596,0.020589099113726524,-0.40570974758309053,-0.526992040114222,1.0
4.330002649084516,9.202525685734638,1.4929628318845867,0.3199472953019723,4.728170550062223,2.2157643119860646,-2.5810600634667695,1.0
-3.261279472772398,-0.9378381203565225,0.20513001264546069,1.0900715280605275,-0.4603499551449114,-0.4343290557600403,-0.8500759135994876,1.0
2.704596172630351,-4.437141769618715,0.307345385427421,0.4886928495823905,0.3724950414149475,-0.29180050083381104,0.2834925540459622,0.0
-0.3078557704769212,7.387812177121236,3.81908598046265,2.1335558201906366,2.7107027154197896,-1.6397583322628242,2.428361465090232,1.0
5.503705315293614,0.9383254150997163,-2.2101316481166053,-1.5237960303634766,0.9248915309277984,-0.5400615928428669,1.5638649468223502,0.0
-0.36170919269359375,0.11973908634706391,-2.0409557912378813,1.058883979918533,0.7571093758029687,-0.9204476313794431,0.6977859267267507,0.0
-2.6299766385631793,-0.6973093686124088,-0.5839416361535519,0.33818159859126196,0.4675454420826344,0.03486895586767687,0.12012450433851059,1.0
1.4281675928953426,-1.9671014119007753,1.1119388562486565,0.7529108842722644,-0.5398817284085575,-0.9955632498580279,-0.9089201042621609,0.0
-0.8345178814910339,1.965604864339627,0.7904325392243251,3.437631194746373,-2.354550899184943,-0.6131015511949435,-0.7763539232732409,1.0
6.230896511902651,0.9200695426759784,0.08982730993826787,2.5391587715347046,0.06213585118067691,0.6834713831491133,1.3998060624151436,0.0
11.668714648329642,4.748617202409888,2.0058790432135227,0.3190490252272503,-3.3913609729994105,4.880799012111571,-1.1554937649669188,0.0
-2.0215776584355445,-0.2548998339709134,-0.6478720102946521,0.059251305590861905,-0.05484786556724781,-0.0724137989293012,0.05370270441677786,1.0
-1.638384937364979,1.7159491138762524,0.43420625935944257,-1.5279662308528927,-1.7693816513950016,-1.5031909625971236,0.1436877447054784,1.0
1.1674616110726193,2.514515850005453,-1.9057187542205605,0.6383115257183819,0.2361811273634133,0.1381336805539392,-0.3266792486100575,1.0
10.769242819274343,-2.257982898105897,0.03883578933188463,-0.389385544726014,1.1872885524098822,-2.1881603475539424,0.035602009482021225,0.0
5.034811085482778,0.7744091563670883,2.6823380216630146,-1.6665041294486083,-0.3116195927340528,-1.4225484832138435,-0.043255696229953955,0.0
-2.174464309546207,0.49687798482026013,-0.9490918106995593,0.20721922236898474,-0.8853460634179904,0.8830402291064383,-0.2553122810861197,1.0
3.288235384718603,-1.6682370620503857,0.1469318456479725,0.43749301066803675,-1.3685699313512147,0.9680275798064767,-0.15380533972527666,0.0
0.6076079451777685,0.16221452495228136,1.6373748701509607,-1.1145116403760895,-0.5407952323073312,0.567859524652322,-1.662784146284872,0.0
3.5835636260636545,-2.206661839154869,-1.7045355935218316,-0.8012938767743085,0.3653220808690691,1.5614640689490558,-0.19854261364204157,0.0
-0.9341581043944102,0.9277014809302203,-0.04016365357749034,-1.3533988833242656,0.06494213874353776,0.22389925981098122,0.07698028199262125,1.0
1.2596046473494298,1.015577070251342,-0.08059284619341987,2.0513348678345764,0.13752035846783384,0.8430410195220533,-0.17380790979327948,1.0
-1.5882639721786014,-1.6196568284204413,0.30999920850445334,-1.0919988878803868,0.05377409733164656,0.32580458559106246,0.29981409016158633,1.0
0.25249756752681646,-0.5313515472449264,0.5893278268567613,-0.11053834181990552,0.42868115075788793,-0.1996346241484284,-1.7271129777191205,0.0
-2.8474315866960707,-2.893647598433101,0.527988842787162,0.5988167319352528,1.435696958413598,-0.2923671582968814,0.0958650129539052,1.0
-1.964950112937923,-0.9651569880786808,-0.08120810697433296,-0.09408073768065016,-0.5500239296297403,-0.3213964074907219,-0.5682538818835767,1.0
2.7758655690025646,0.558000526765867,-0.605771248573088,0.49983000956853496,0.4999056782268389,-1.0676465883262536,-1.0430722855912016,0.0
4.396227954702614,-2.123507712156891,0.5795100081447084,-0.777413400704677,-0.3038340666465053,1.785125138787678,0.0004248032932614906,0.0
-2.592082827805316,0.21363392991247698,1.0356115166431186,0.6620054452508247,-0.5407643597169525,-0.09693818737578672,-0.02254481426334669,1.0
-3.904338150152878,1.1900666337939911,1.5519811851144116,-0.935775481339247,-0.7081204027123357,-2.35400376890927,1.1167659487336459,1.0
-2.8182312131423455,0.36788398127761324,-1.3514356319292686,1.7384149224929508,0.28432147812122077,-0.4312826484942817,0.48492343917085146,1.0
0.6162808698250988,0.6389116690076538,-0.1999188735157637,-1.0974987710490292,0.11868973407105494,-0.8539389876438849,-0.5065156956129475,0.0
-0.4328602208165489,-1.392044298773313,-0.08271948210072205,-1.93527990988331,-0.03446053469851339,-0.5963271388556027,0.0029674927542087896,0.0
-4.555028840448153,3.5287860178790895,-0.2152639587785112,1.0918856936364745,-2.758348987726058,-0.9004926367735866,1.4128942192000666,1.0
-3.448183541217512,-1.4246224557112575,-0.08872400425354308,-1.7107277786896569,-0.1066167124146762,0.3432393035851095,-0.2380066766866538,1.0
-2.11596026403048,1.8493736050196128,-0.5566739791307642,-0.46435637588458367,-0.47491434347179323,-0.9919191792813599,-0.5089250330560636,1.0
-2.6913522049621292,1.4200617399417945,0.9691507729571663,-0.002859524464199742,-1.2565183792996082,0.9415787073802698,0.15793872470978393,1.0
3.2139167651773732,4.046756222649357,-2.7153844565069334,1.3286253416639613,-0.22167319681585762,-2.2047947767681415,0.5194749494651979,0.0
-0.7492713563495635,1.7976385171322933,-0.5683658058122277,-0.5604989833232407,-0.9330960251622156,-1.6101870506022498,-0.49834995395908854,1.0
-3.1590060374146836,-1.0357494268216716,-1.4906841621095073,-0.5931683778982167,0.5140858511519371,0.3599158869736151,0.12324114892602189,1.0
13.056121858663438,0.9815132263977517,0.598812675522871,1.4729309720870625,-0.5999130658167895,1.0217591840545557,-0.09549146834935793,0.0
-2.2286798134422194,0.6674106363804408,-1.0915603405196965,-1.0783017194701796,-0.29912911958647453,-1.4408755697058715,0.21175572062719847,1.0
-2.4928310356116072,2.5986862679957197,1.6697255617274944,0.6334860009846708,-1.156747493493683,-1.0964081818717726,0.20389707977224614,1.0
-0.1033504264139872,2.2801435368568255,2.109562790031632,-0.3518459921968145,0.6224819782982194,-1.4599863401145767,-1.041033922821698,1.0
3.591294118690596,3.926333155212095,2.04700672929774,-0.2317663345466747,5.4652638176708255,0.8338569492876843,0.4115363300893875,1.0
-1.3489486828722512,3.556225100465862,1.732191277243759,-0.04699074438486464,-0.3452510023962657,-1.26288741473805,0.10585563191858602,1.0
-2.510117675558595,3.251319503501503,-1.6876243932740471,1.1899614108981342,-0.4555870487826488,-1.7079419736443464,0.5124384167147812,1.0
-2.046029572451856,0.30488486674437665,-0.5338387058877792,-0.48984175026368676,-0.06791210851248294,-1.3389297824175437,0.45991157874615957,1.0
-2.0970691694487194,3.6670958835452665,3.6322004791971665,1.539786853420881,2.2365298553185107,-2.295705798605669,-0.91940477506223,1.0
3.11052769335218,1.5693895561962328,-2.613936125540947,0.618467731657327,-1.1817793061676554,-0.7682309909986179,-0.20697779598237162,0.0
4.9567255700022965,2.3848462187167097,-1.9351070932502146,-0.6108412325743298,-0.1482097280297763,-1.4938059577534144,0.4268071616478902,0.0
0.8510142626646746,-2.3067353675280073,0.5674619180759422,-0.04362524903034089,-2.094046519372454,4.979535809975617,-0.9926414219086881,0.0
-2.965999206622573,0.37150648225223937,-2.0665331595935594,2.072506299063215,0.163037681577198,-0.43838582349279887,0.056984250531826396,1.0
3.334133198020353,-1.3255573541236585,0.7280136640548104,1.0031987131103461,-0.9337069429835098,-0.5801239703979866,-0.2507703093983928,0.0
12.894612133968959,2.3166224643942415,6.32869700729391,1.9422039911119178,-3.1602276338227187,-0.9470534253397943,-1.2968792235310027,0.0
-0.7707436775320126,-0.06410921999256723,-1.134408797127162,2.510463104406893,0.020237027361372333,0.18085268356667883,-0.5034842132439409,1.0
-2.2025155237824054,-0.7356052301956363,0.2670800984927594,-0.037619519531093625,2.9340365313042973,-0.24746776508785698,-0.191455349776776,1.0
-3.143412245602705,-1.8774090266692642,-0.6703690408220178,0.3033319228672718,0.4080694050731496,-0.22712007153117283,0.32162730126554956,1.0
-0.6388804999703289,-0.9113660287979902,-2.142724162788021,-2.1409156579216635,-0.429139750780389,0.14888223524973374,-0.04163043773662069,0.0
1.9191334226485004,-3.5380823683878657,1.254924527688577,0.3359990800203534,0.5890689654575747,1.468527883566799,-0.14472332603680874,0.0
1.4088683633928158,1.3049294063552912,0.64142876938023,1.8869563709798265,-0.03625199749647836,-0.5342971774906319,-1.2663727915760903,1.0
4.643691316587361,-1.482017169391029,-1.1706805533522051,-1.218605525140762,0.1780725578395432,0.6786615369879524,-0.7409594187891281,0.0
-1.8774673636140542,1.423230644037805,-1.0708121946781797,1.7093329684294774,-0.8845491055129502,0.6546274198801139,0.31473568283399306,1.0
1.4320694267974388,-1.0496039490885924,-1.2620113212390713,0.5331890568743376,-0.626696603848658,-0.785916171751853,-0.6215554471197439,0.0
1.3526270253942851,-1.1541414717290024,-1.2097932663596256,-0.8281065029160726,-0.9868073423291476,0.6869748901103483,-0.3135077237223171,0.0
-0.7091148317236302,-1.568232323508882,-0.6699940901235661,1.6872639560002671,0.3393148094266882,0.24635850471974258,-0.8395510703749135,1.0
2.17141601830397,-2.8262607261237487,-0.5621074925927859,-0.6608316240937265,-0.47497013261677323,-0.384446525710273,-0.13889336062838403,0.0
-1.97684035531864,-0.41938744691848384,-0.3805751690985286,-1.7394602091059463,-0.30863816316960585,-0.7122804202728881,-0.31736122732568806,0.0
-2.6007895040208733,-0.48233546749432227,1.8723727100951424,-0.43801831897684096,0.01608278299222955,-2.0410093791718,-0.004721140163098412,1.0
-3.258007359468894,-0.41832140569538906,-0.6918056278932827,0.659853609511538,0.12156622777593543,0.06728870805052599,-0.43906899768655033,1.0
3.782026455580272,0.8603815975237665,3.671000689360393,2.0478201765330244,-2.183790087222448,1.4742366547956045,-0.563348933164996,0.0
-1.9920347221454233,1.3293551725054662,1.135244544634115,2.0464332081255923,-0.252127779574164,-1.7570828297804477,-1.3958721384676958,1.0
-5.015008689975811,0.574699979054819,-0.8424381482480053,2.169662677543144,-0.882002206012256,0.9319354929785811,1.1334910480765468,1.0
1.345020437737628,-1.2747709560422447,0.5558435473492916,0.5748715237676244,-0.47084924546679147,-0.1741001092949608,0.5623465264711772,0.0
-2.4559688106880464,0.8984552923634697,0.3531334800273718,-0.36799158805521476,-1.1042868287513872,-0.778887328656716,0.1692603544474008,1.0
-1.8372816695174319,-0.09102676545715398,-1.4452808651437814,0.6725485426077009,-0.13619892064837055,1.0742421416030001,0.09905527259976844,1.0
-4.346489712228622,-0.8935722661901367,0.6392560329081947,0.42562691120376606,0.9564423503516374,-0.09919844644382919,0.3470500402954118,1.0
-0.7328129161437642,3.702182382795107,0.658505018123238,2.23612745932346,-0.3364674331205296,-0.38253769262935916,1.361983595835351,1.0
2.39999784315418,4.8379888197569,-1.0281570383139318,0.3429168412641864,-2.3918727434229514,5.1342277983844165,-0.7879231819687629,0.0
0.3930986639316598,1.0830680630279435,2.2476055057836284,-0.46185859871502016,1.6916285443391308,1.5552200403670347,0.6737491991624928,1.0
-0.41232781279562275,-0.3896313170982988,-1.0457704065390432,1.3662456908817164,0.8635071255110139,-0.3523601124836087,-0.8862288013848103,1.0
-3.0499249404514646,-2.2377845222719004,-0.46945298213279857,0.18277472930064834,1.575846041054931,0.4088015280627058,0.4899902970273257,1.0
-1.4425637316070972,0.30587044946826275,0.5515478510418704,0.3560740409417964,-2.7029190357455675,1.499707701050274,-0.8312799878702917,1.0
0.08318610261277483,7.150359800006223,-0.06000997150031892,-1.8030818028808202,0.7381126142747718,-0.5642204644700038,1.6258067764047117,1.0
7.093306714189312,12.57319422867852,7.3587080817148545,1.2253415528672824,7.490433692443615,0.8147305400938772,-1.6810501323919782,1.0
-3.743404542996177,0.2505015267671556,-0.09738325219214611,1.932147087797073,-1.0435915483616276,0.15421784327842897,-0.5852945590528502,1.0
-0.9691728143623523,0.9449443023490567,-0.8908112598417613,1.0965323077207425,-0.6135024327695721,0.9708910524553699,-0.4279959593988898,1.0
-2.418719908122959,0.005552412982823741,-0.7983803838211426,-0.07089207074919601,-0.07730987851343236,0.8655064689551609,0.10702089905513368,1.0
4.100787726595188,-0.3788038201723521,1.4463175319906334,0.7023685667078144,0.0006649933044910404,-1.0360963832283623,-0.31772098666571935,0.0
-0.7516030055354328,-3.0706486584844264,1.449181678280242,-0.9534258737705777,0.8919287394900272,1.2972366144450425,-0.22158745380183562,1.0
-3.6546465282535454,-0.6746487418500189,-0.9069859870885134,1.5111613105521302,0.29381210058746104,-0.4139518905440065,0.142071720968516,1.0
-4.680211576012843,-1.1038572475926958,-0.257308177685217,1.2464757144387408,0.41461837648283284,0.15341613823832936,0.9062285740763184,1.0
-0.5977817666137697,1.78565087510606,1.4817359679259394,-0.17787223750951325,-1.5892265503500673,0.5892961364911702,-0.03491877979450908,1.0
3.3873307646410917,-2.9110371071738332,3.007237753455442,2.8282878329538206,0.5083464504918999,0.5893891572452151,-0.8318227353625228,0.0
6.149886189966098,-2.0176527547810745,-1.566143717998187,0.9716460653781658,-0.336369921697613,0.34372463488698984,-0.07077556046960445,0.0
-1.3250313470426618,1.4692940245331338,0.8484213778199133,-1.1427664666200301,-0.04782174391167275,-1.8916327568084987,0.029067192872778452,1.0
5.494152797674743,-4.165829305476933,-0.601260766138045,0.1496996984227715,0.6255664479534787,1.0430387994519303,-0.07048465672624987,0.0
-2.997403207131488,-2.738861051859812,-0.16118378030219851,-0.41316979890445704,0.40554613623225916,0.7240925466557417,-0.422745345305661,1.0
-4.386732721106605,0.0068722812789973435,-0.9481082366197727,2.798005779610785,0.4457308761258546,-1.6880824567157187,0.28236369121311106,1.0
1.2136346121479047,-2.039038957379326,0.9806961768258479,0.2389661151622474,0.08576867319319255,0.6266564059614668,-0.3519403333522293,0.0
5.069661081475339,-1.785152334260497,1.1736470683779554,-0.6937328315182275,0.6486555598393923,-1.978392373709669,1.5988723504125903,0.0
-1.9777014396332293,-1.8427794206398045,-0.27735975998648127,0.5497499042781355,-0.20689629580462351,-0.28386446618648004,-0.5541367415952955,1.0
-2.5148764188899873,0.11425229888415225,-0.4966227715201394,2.3543471201062296,-0.6893749475418762,-0.04425895689708334,-1.0484258479368074,1.0
-0.9474878917479543,-1.6847535464245207,-0.3511863419930462,-0.5772107412622997,-0.34154213388502624,-0.42263863784193,0.03577347479338497,0.0
2.819368343466045,1.2651031321636557,-2.1531442403089684,2.7084590421811154,-0.040044459708369895,-0.5662738273205954,-0.26748339652362124,0.0
-3.4839862980200045,1.6196919825568985,2.675469389233916,1.2536138059339283,-0.5989814171772266,-1.3438766173960397,-1.0274299004160128,1.0
-4.658729577966129,-0.22291481503257712,1.5593586618863022,0.511092319388099,-1.8969408351181296,1.347317635420428,0.2725682956367049,1.0
-5.351618114936626,1.0267578586053614,0.32498592444975827,1.3686824278788738,-0.9186613692566139,0.2210369706763608,1.1251522142545922,1.0
1.1708977789054422,7.014486578698097,4.271861991969349,-0.3326398262715013,2.909444778927619,-0.3891475937779739,0.714196616634162,1.0
2.9563018671442363,0.7064218520962687,-1.0423354420286683,-0.5221495724139534,1.4136356074554448,-0.2689430689045746,-0.9953716539669998,0.0
-4.975702062159756,-3.3862048673911396,0.4398384094372614,-1.5775699793648628,1.0337957308929209,0.9267815828625284,0.4523863423595216,1.0
-4.0640256587401415,-1.246166174198425,0.5744778366294603,1.7053930700309032,0.6158644594296422,-1.5091337669649187,0.3332938574112173,1.0
9.512669844166357,-5.603484192726066,-0.6372394031041468,0.22422119834736903,-0.4065435291677482,-0.8366143008453614,-0.7146623738334158,0.0
9.007165526292278,0.5810310772838623,-3.1347151984641015,-0.8622695939651723,0.0457220446519962,0.7257742372316619,0.8458904988392687,0.0
0.7588784847610692,-1.6085325756435813,-1.5150957144878014,-1.0760600255095878,-0.04923462960954971,0.09433166387936652,-0.0608119697625101,0.0
-2.65935961535329,0.5399358008970783,1.7070147054728142,1.201751314584367,2.354741847740057,-1.0044058013297008,-0.2668900852830838,1.0
-0.39001898105892074,-0.9892423529287846,-2.5851692408804348,-0.7845271944038016,0.7343112538276769,0.18373765113009266,0.6915823217504878,0.0
-3.8890655271867742,0.8160717107750083,1.0157172660485563,0.8249184590940264,-2.1335727767487085,-0.7937243971541597,0.4374436081320317,1.0
0.3648761518407581,-3.574461225928526,-2.2239785331340753,0.22316803751486436,0.7785309681381353,0.510230352183355,-0.5627929560710787,0.0
-2.8358909181565197,-0.39872969401219127,-0.3474450885882124,0.8132475206656128,-0.03928068859438471,-0.6355226034540683,-0.5978512299553116,1.0
-3.310283620739628,0.15574119498520406,0.5414789422238055,-0.5124839095453351,-1.787879121794966,0.6958502976361515,-0.9106874780535831,1.0
-3.357304402555182,-1.1037324235664445,0.15208980466694522,0.8281880279499043,0.7342592404217162,0.6926263936945045,-0.18774931024178101,1.0
6.523116620292801,8.011169611598751,-0.3264236973919172,-2.771798523277213,1.598931847134216,3.6721193464015895,0.46719961245657476,0.0
-1.7177351761078483,-0.5431655272763863,3.2983752533289685,-0.0873307458230631,0.08417355063056126,1.0050589254734137,1.000710426967689,1.0
-5.565735898981079,-0.47784757880725554,4.127462746023779,-2.3524907602589424,-1.0524610094264935,2.093502232873513,1.167387334394737,1.0
1.7796614892323581,2.77658716967741,-0.9427628490848629,-3.074352196947395,-0.695133097631328,-1.2013657403702853,0.6288403626878141,0.0
2.6114848931605055,1.561421709149273,-0.2181869536547474,-0.49277526478488165,1.1043873825128567,0.005818592859330298,-0.8639182944225122,0.0
-2.8190385096119357,-0.9701105669674893,-0.38259143855040295,0.4637906008298289,0.5517868439661068,1.2084608474885565,-0.3662600227258992,1.0
2.4984388777239843,2.2784828520976133,1.3194785753218505,-1.1808385540706905,-1.8997302529764852,-1.7001027310460333,-0.903839032669722,0.0
1.2770271752993367,-2.4432589642737828,2.466316986240688,-0.1298905616866584,2.155306123959859,1.2180658216584925,-0.0181779646611508,0.0
3.47319734285007,-2.277848910042782,-1.2386840655711502,-1.1131409688249443,1.0092590231065468,0.32177322533417396,0.16813196119056179,0.0
1.2566751119853161,0.3823932643718834,-3.838320382702053,-0.7169201291303923,-0.6511561498936188,1.2192628435313622,0.02196859781636832,0.0
-1.473431369216316,0.11689025652657294,-0.21466786443873162,-0.49080885478851843,-0.7138418009047595,-0.541187514025213,-0.1669314709046162,1.0
1.6494606959340616,-2.1022910706395805,-0.9752715916388865,0.1880436837452332,0.9168261711712158,-0.3297002005076778,-0.7278906602801659,0.0
9.036589480305237,-0.6551728250902207,0.22128007692196328,-0.7647306172828968,0.5648966396011252,-0.3322329605618834,-2.6706004841336344,0.0
4.5545900647880435,3.0866391558881183,-2.2704043063554877,-2.1911191780702888,-3.4613552419787585,-1.1797144964321606,0.013080738128261967,0.0
-0.7811899668984486,0.6528492587504983,-0.6436569974437185,0.21446824394068337,-0.4376799042282517,-0.16048948550055814,0.18723510852163744,1.0
-0.223092606784014,-0.7018214902322875,-2.2707620397373627,0.9986314980201079,0.6464879185335234,0.042929062758266044,0.3411804262427185,0.0
-3.454895386095839,1.3069387228364118,-0.029264517645480267,0.3305037547614584,-1.8619115943801403,-0.32834034552039093,-0.4426281854190235,1.0
0.44654439641740945,-2.787707740768306,0.44438226991796165,0.4720285415207842,-0.529989616928094,1.6565903037418948,-0.16937066678317805,0.0
0.3144382259614623,2.077560727920826,-2.0833118691853123,-1.0685397969141113,-0.21786951552805564,1.1898434420227533,0.8621809989527325,1.0
-2.0591919425453917,-2.472787787805824,-1.4617188178856124,1.8680819074467478,1.838563142873741,-0.5250227041176473,-0.09890202051678483,1.0
4.808969244731832,-3.0291029673897856,2.7440186759885017,0.2833636130369512,0.19396456387630098,0.9849839012362402,-1.541562130228517,0.0
-2.9987105282381754,-0.39677802824528136,-0.5964659390372127,-0.2080449370934555,0.568359779663362,-0.3727862599775439,0.40296321493165466,1.0
12.285019759541434,-7.543410169305487,10.112423747094644,5.1942700056482725,-3.852506931924351,-0.8774991518649984,5.417219263669715,0.0
3.372196590643694,2.587825427979323,7.0920748116729735,-0.3674947378344971,2.770573104924824,-4.217767525301177,-4.084684322239726,0.0
2.508766311622556,2.61464847754132,0.20638033506546952,-1.89474584589483,-2.1247656289414643,2.465074608976888,-0.7767102229061948,0.0
1.3180684765426323,2.154479501117751,-1.7866325776203418,-0.010169665205246977,0.16715237433716357,0.5690938098479014,-0.037614388741781135,0.0
-0.3887562987556141,2.2767978947393956,0.6273320745144405,-0.42972699888622196,0.11938017527359902,0.8498936388186021,-0.9042419208247183,1.0
-2.7569329912570337,1.0868346854768558,1.7072381598321447,-0.5168313730762131,0.8070226998224312,1.7854864565245927,0.4969127487723538,1.0
4.943581014506626,-2.8483244577325224,0.9138788144500738,0.3351840086094668,-0.4833259194516461,0.35537536388096286,0.4848637107086055,0.0
4.298077329827856,-4.66627517912938,-0.006841008371709127,-3.6533848958117296,0.17870292898714846,-0.913873420861416,0.6715823494333152,0.0
-2.373501801975013,-0.7334025639778905,-1.5260274881188396,1.8533295861732153,1.183118058751368,-0.8578711923112742,0.6587212421829441,1.0
-0.9671903116026502,0.43843818161558384,-1.4476962674759746,1.9903614236516545,-0.09396608366088839,0.29301298924562,-0.1125566827010818,1.0
-2.9757987879409016,1.8109737757240085,-0.22343526886632437,0.3916351992352427,-1.5293707831811374,0.046801777882507674,0.44663157809730675,1.0
1.8032470204666646,0.16646095723338153,-2.6285995647094738,-0.6437414800701634,-0.5218823638274668,0.5697925629548776,0.3323433603403899,0.0
-2.478359512372219,-1.4185764468645423,-0.3165332429274189,0.32850273878218544,0.6620125983838697,-0.4467463259837767,-0.06841444590821358,1.0
-0.8260392924374991,-1.2502474730589621,0.26796072660753495,2.3106264615337255,-1.0148136142114161,0.9016299166219723,-0.8023235760109625,1.0
-3.894697328339549,0.5385707445033899,-0.8815587237804814,1.0387999956902265,-0.8090288808723468,-0.6909989049114911,0.5066875181168913,1.0
-0.38957809021741124,-0.614415470022548,-1.352869246400457,1.1751923119850973,1.7898932912438557,0.9602687033772866,-0.04008082225985117,1.0
-1.457321356798483,-0.20172675700990583,-1.0988787344535482,-2.0057749681162176,1.4785622277940316,-0.0853796160671076,0.6043601097994546,1.0
2.755568001153738,3.465773603839707,-2.474050856594929,-1.0082788485493615,0.1551359976139023,-0.7014087460283097,0.2702523515889134,0.0
3.2572546734788133,-0.12520049203442518,-2.8960974556390044,0.749590117419614,-0.3528555574351552,-0.8049437334443982,-1.3954082833127277,0.0
-4.019140240564171,-1.3542473809817694,-0.3604727144973849,-2.6357977618072517,0.7352450114789497,1.5182776944851704,0.5786050260335377,1.0
-3.6764132931673585,-1.2916290603284595,0.4246103067872931,-4.601709853948275,-0.7409092092097773,1.0397368035306604,0.6769928572543947,1.0
3.316324113446772,-3.9391522592523875,-0.20545368058814228,-2.1182236435610657,0.9699807958986567,-0.8908139054209893,-0.09268996689155332,0.0
-4.03660736175797,1.16254610795314,0.1897478257738196,0.9405169972260669,-0.5655989262071497,-0.8067387016769002,-0.15933758026482386,1.0
-2.3342333502302317,-1.3489797321876589,0.23268701919656037,-1.2129139172053114,0.05157488803784213,-1.2367192920971313,-0.17422339516945176,1.0
8.4038471134575,-4.153904776612471,0.046969075234330936,-0.5518427613579477,-0.2880803443097908,-0.5070591304564984,0.7191130709020652,0.0
2.6475686330836328,-3.951172951487565,1.3718813340605884,0.20781925091391903,1.4050541838727197,-0.904512952674474,-0.32376849266670127,0.0
-0.6817688659204048,-1.1359911306162607,1.2336664710037069,-3.864500137760518,1.428352131199887,-1.2914292814799935,0.07533421421596521,1.0
3.35029579063542,-2.1545700266626295,-1.1089437206506556,-4.349007677387159,0.06238439291029303,-0.6857157282429652,-0.21654379648557198,0.0
-2.2277205188196927,-1.2149996868114261,-0.19241377550311756,1.4712781370399026,0.019715139295466946,-0.05893764044855947,-0.6902928767277062,1.0
-4.477584655730474,-1.7411293624733222,-0.8882070880019671,0.7646525413823713,0.6051400089875129,1.0045710276215498,0.23266834534825656,1.0
1.322621418838937,4.789476583869908,-0.6625351224801547,-1.0211958057030834,2.1500245057498764,0.4504483738253445,1.1174158102477,1.0
-1.8500898601405182,-1.5841281496577782,1.2639172257502544,-0.8021025971984965,0.7114115946310469,1.5966136792731147,0.08109920431120939,1.0
3.7955656418249717,-1.0262326419361385,0.8986356352926828,-0.760460459047358,-0.7578474673033817,-0.522729852861155,-1.3884947158290168,0.0
-2.281318099239502,2.0776859796729363,2.430649030167255,-1.1860598139939293,-2.859003314967545,-0.9990287358762002,-1.0897641062432712,1.0
-3.228770118277379,-1.1720734786955218,0.26466432976534404,-1.0029445748563324,0.8944676190772627,0.6292250337100826,-0.24996820763751987,1.0
1.0259007876487467,2.3612619443209315,-1.6168855931599222,1.1459632459106412,4.144478536625522,-0.20752880845021843,0.7360684306445119,1.0
-2.5825558372816815,0.7292131140786895,-0.5481427872298467,-2.332079177675774,-1.8352650060158546,0.14016622442495685,0.12196587279020582,1.0
-2.4858832255063477,0.46059640268242563,-0.5989203402625292,0.9987176335649556,-0.43032386297741887,-0.3796217023333329,-0.33155241456271417,1.0
7.143842039052903,-2.0748422326200426,1.088387337292256,0.7163335029838044,0.8199009914005815,1.1445482754809457,-0.28953734801875375,0.0
-3.0324811407725973,-0.6494687998577633,0.31068266733161654,0.5802825039396334,-0.7328849003128368,0.5720082643944296,-0.008425438645487029,1.0
7.085010648787638,0.5282231716861986,-1.279987043224977,0.651563292302842,1.8538248218002364,-1.8112999002625165,0.5354688465890679,0.0
1.3140990035987583,-1.7754258312624527,-1.6726317666057484,0.694620024940577,0.11281065370114943,-0.08752902886473825,-1.1197516395660292,0.0
3.71164951477973,-2.8074771106095056,-1.7561936094901367,0.9041052352414451,-0.07098599762591945,-0.20618855597850458,-0.2042261939306844,0.0
0.46047909084775757,0.39416628852143193,-1.0046985455782422,1.0753882454173909,-0.427534811961461,-0.09140705527108922,-0.5446881464554458,0.0
6.392649920534937,-1.823094163321043,0.4798497266076007,-1.6964609875516443,0.5566773524925236,-0.10677238435549333,1.3422277290503335,0.0
5.255544949778235,3.8945309898245175,-0.8338534467396602,1.6816008425906626,-0.7843269718711217,-1.387088874718946,-0.11000055720977668,0.0
8.733861502953994,3.279877374952945,2.903699464422584,-0.27718816362404347,-1.0618468671882275,-0.5676916847341933,0.7901837388965001,0.0
3.6913178802285067,1.0656460674271737,-3.515589047812139,-4.773197016902427,-0.8024841391090881,-1.1415917177422386,-0.00396832131356603,0.0
3.37825087269588,-3.3712278920426106,-1.766777754987279,-2.0779569706341956,-0.5977815272671406,-0.4907819672257131,-0.8248321579950314,0.0
-0.8402096538369294,-3.5000850321832573,0.18248365340487452,-1.2425727071402468,-0.10851726792743113,-0.4169997816327618,-0.24964307530930846,0.0
3.284372619973158,-0.9906732009428224,2.554386392206261,-0.12282697139739253,0.35083788440136354,1.4773840532158165,-0.06516679449549741,0.0
-1.9087689281363796,-3.1219458054749265,-1.063056113394607,-1.062066917969524,0.957296547039717,0.3285351379515547,0.02994850468755447,0.0
1.6147819253559188,-2.474573347873442,-1.9911347840528246,-0.3790911621882158,-0.44324872641560836,-0.24436682486187322,-0.6673851506761838,0.0
6.6197263468368615,-6.003276417553645,0.98937775884525,-2.886757575832787,-1.6953839040729768,-0.7996727419785141,2.2876677090093227,0.0
-1.4646759334587796,1.6866318141555765,1.1699058703946192,0.32566224650650993,-0.4648733061656887,1.248418997550082,0.1157658620631064,1.0
-2.012152428518768,-1.1034865581448532,1.3380240797146443,-1.6156796384099221,0.6917208028389704,0.5411901874648485,0.0931456301969888,1.0
-2.284340252070642,0.009493639196513352,-0.45043954205578524,0.2957797401917556,-0.8038675298255316,1.7790189334975104,-0.4352660421477929,1.0
-0.7397430856449493,3.1525206050711523,1.4698578473041142,-0.314893619000907,0.9476892918041637,-0.5314411245095086,-0.2797754383364197,1.0
-4.506562510681532,-3.1692725878735315,-0.188061588436157,0.3911600607150704,1.3852066486309143,1.1387789354328008,0.14940393472839072,1.0
-3.158754301407417,0.4103017949685602,-1.1088172045342553,1.9716188331519755,-0.05858711856758058,-0.2824146513927838,-0.07926823728003195,1.0
7.676149471669641,-3.0753063039954496,1.4819594123267354,0.5524018659793011,0.8862053426913896,-0.08252749934971948,1.652122445345983,0.0
-3.6391359671594397,1.5895870640296277,0.716279806490975,0.670385239841981,-1.5773311407373807,-0.7452729761837339,-0.30654682341950384,1.0
0.33734549264383235,-3.1443734576469216,-0.11572148197426735,-1.8152952897397956,0.03529317831503755,-0.7162118541162836,-0.05513283683689607,0.0
-1.2765833791515413,0.8490529834604236,3.070068156165658,1.1664974935882442,-2.6781242074342644,-1.360508718419139,-1.6491278747402365,1.0
-4.346014054230488,-0.3219780568013959,0.3884747010967233,1.1071472370347317,-1.503332715823991,0.5377922029686852,-0.17701709406113492,1.0
0.017430791487398747,-3.459343291202758,0.3069208014491837,0.47556989756386187,0.4007365927116228,-0.15690746258458785,-1.8742150537992803,0.0
-3.492426037286863,-2.634082400764152,-0.07218764240633439,-0.3079777702204787,0.5250156910421209,0.23338979819990605,0.11357267710073682,1.0
-1.8665488536842099,-0.9020642096825108,-0.8711686907326845,1.0288144722550252,-0.23187710001893355,0.9163083942691511,-0.5687843775014448,1.0
4.96026811782797,-1.3411230473901092,-1.4570533353535344,-1.4681981471462464,-0.6124601030816851,-1.0858064422120353,-0.1859208077380383,0.0
-2.470722685223374,-0.1380262643378303,1.7948853032581686,1.547627168105545,-0.6973621152310086,1.8685774082912794,-0.2547797364252065,1.0
3.7850601029234143,-1.901907416269701,-1.7442419030926277,0.3922846200459035,-0.33927969762062554,0.12968393625207314,-1.2777067379198859,0.0
2.6372557772722263,0.5771549958415206,-1.994699824613598,0.27254914936827795,1.196768034673736,-0.48786253234595306,0.03940602884536796,0.0
-1.3726850236666195,0.00580546142511545,1.5492892156170013,0.5844391534784967,3.004878478403991,-0.0013724529175959599,-0.8131483989567476,1.0
-4.1388825732590675,-1.3765082402979762,0.8780486016227246,-0.05985625060535637,-0.597596634688677,0.8320963154900999,0.3676673640369134,1.0
-0.6869402913907837,1.6950096246206945,1.02621284389324,-0.8754781916089187,2.1746756083682786,-0.29678826145484655,0.8410946097784998,1.0
-4.3121295827429025,-1.9784861330658423,-0.2513064866800807,1.5749111511036678,1.9834111468913773,0.4682074123987228,0.24523565818817172,1.0
0.4033094213764867,3.7234340036404254,4.586469001104586,0.21591119678779008,0.8078009046325,1.8261264093943042,-2.448851088894453,1.0
-3.003605795321426,0.35416022745786757,1.2340149770108977,-0.7174567762745727,-1.3125622337216671,1.996866922594011,-0.4478906599145205,1.0
3.134008205440035,4.2734595584395185,5.866279514838568,0.5965830757367135,4.201027896226713,0.8712702444257716,1.4300725509067957,1.0
-0.41783686688185084,-0.808576571052307,-1.0932914838531635,-0.08972977483986862,0.2570691814359356,0.24558889587756086,-0.2535035564861906,1.0
-1.4202231350821115,1.3939781131568851,-0.8369868339964782,1.1054451331545425,-0.36440061452737477,0.08946610120278983,-0.2634748908040745,1.0
-2.8705883477861525,-0.2686445091440104,-0.4689872589990932,-0.24550356801655315,-0.5579192926379768,0.41445107337577014,-0.6574580040433875,1.0
-3.3658457040713725,-0.8076006153541786,-0.8070794153089209,1.6636859949463711,0.050586236942293215,-0.6566330801794638,-0.18332634697259928,1.0
-3.3150001548360724,-1.4421762294498757,-0.5836326027461847,1.7849308358024045,-0.019272507940808342,0.6299781198008056,-0.00597085052895252,1.0
-4.7697101597000735,-0.5429618596413288,0.8938680006186197,1.731061371830879,1.0017126198070945,0.9637677081510819,0.2366766428006936,1.0
-2.3858827584206,-0.8241155709057297,1.9839634866787792,0.055255451496334165,-0.5057284471302932,-0.9895633581864678,0.5674865589825874,0.0
-2.787096009431116,-2.5330340029384826,-0.884034398729914,-0.2596746572417206,1.6478326341444356,0.9434646322451171,0.7521727558367357,1.0
-3.3938417715182942,0.7539639569981583,1.7717935601115156,-0.27667331038691023,-1.0859029420767232,-0.028786663784554953,-0.4136050556764543,1.0
6.590235943344423,-1.4848624499142602,0.3613399006336887,1.1884461738065675,-0.12091100993748667,-0.8927969840686963,1.1718532255627994,0.0
-1.4553305178966347,0.5919428677399606,1.1463403848993774,0.07901729274548781,1.0877387884811283,1.0579796567678585,0.0642507039702432,1.0
7.182933102086258,0.055146060187375924,2.01291788613586,0.08277610237403542,-0.6657817622551478,0.4246033967605223,0.8016688817766693,0.0
-3.578835403447039,0.8915829916265146,0.26148740499521556,-0.2540957522038591,-0.5995934142387737,-1.7658711691960296,-0.30921816796068763,1.0
-3.057032641873496,-0.17921338626514002,0.6217734459790197,0.26139838093913426,0.8967350980196165,-0.5245687730459608,0.7093633932738332,1.0
-3.0744358315608586,-0.3060584354626188,1.2592536574618771,-2.2086266756883903,-0.6064117260262917,2.3580672879021676,0.013891714075942389,1.0
-3.8535397332557153,-1.524726422585325,-1.1445096448722178,0.8150505389525361,0.4930515339829171,0.2876053072090332,1.0467614139180692,1.0
-5.390256393774108,0.5562555046188581,0.5600700632026144,0.4718553833619139,-0.39979829838909514,1.4766592833520074,0.9505017883841437,1.0
-4.657682334494783,-3.065387433664337,-0.07600910991891943,1.5085163310956795,1.272815423194349,0.5556950798672297,0.5525494353303749,1.0
-4.027542388108069,-2.5429070434441376,0.3532171293919948,1.5143875042410404,0.6674986646771184,-0.09625750457002549,0.8397683803075345,1.0
-3.347821941610211,-0.06856304781817507,-0.2701932888893015,-0.6276363367759198,-1.1256875357644587,1.3499856604759728,-0.3753642332535962,1.0
-3.2998420114682894,-3.138709394209067,0.14889237080558615,0.7424907363412997,0.39445081239374175,0.6412729897697154,-0.1714259661406483,1.0
-2.1364041423511364,-0.0043928486384955615,-0.05513895701540826,1.788112879101642,1.3004454420758342,-0.06311757362970498,0.414766653465763,1.0
-4.038017141736996,-0.24069805436710223,-1.3281267494695357,2.440232258310732,0.2773892913989264,1.693652095358457,0.4142105744179211,1.0
-3.765414553258628,4.398200493289125,3.9502078419989175,-0.3072682812815628,-4.789656332217362,0.966276010638067,0.024302965560074746,1.0
-4.871239383480864,-2.33921478742102,-0.1682948280623583,0.6948898423046904,0.8209388454249781,-0.8244920287580197,0.2428465136277361,1.0
-4.747248516354594,-1.7984019755421972,0.1697201975785736,1.5516108420633474,0.5351374863973353,0.7915806822884887,0.05814475672731972,1.0
1.8953162763188456,-2.392238003049704,-1.6764913002997706,0.7120282345785994,0.3834019056526979,-0.3924228513429629,-0.5987176965602006,0.0
1.5729311406089683,6.509099306788013,2.167158980768513,0.030075885990849496,1.0534111772791563,1.1089425859542448,0.2537631720804491,1.0
-4.02662025265934,-1.4022064621622226,3.186499903627179,0.019552277192552762,0.17964845509318023,0.9192954807147001,-0.21099348797194103,1.0
-1.2948661700949926,3.470808639312661,1.1095279782143248,0.7666793608356046,0.21051018018263565,-0.8404568427163763,0.21030460004166485,1.0
1.8348404671476926,-4.321522964467137,0.31668532988688786,0.9971895482674432,0.25468865416713476,1.654800230778453,-0.7588755070148334,0.0
-1.8103805588913249,0.3962073022435616,-1.2303341229543052,1.276656325028251,0.007076807637439571,-1.7824078783959092,-0.12917390222135647,1.0
7.236485314391998,-0.035701797122107214,-2.8410666280673182,0.0386418404981458,-2.4547364891046466,2.5000212402518995,-0.861678259871058,0.0
-3.1456501885211092,-0.7425265420253627,-0.862351507021214,0.7551636526622079,0.3001250007622882,-0.16553735088768615,0.6998574995759562,1.0
-2.8872680582395085,-0.4647316245415397,-0.47574333795644885,0.7623019423345413,-0.8532163628816113,-0.30628862804837875,-0.4085690514862936,1.0
-3.1496539838209316,-1.7712483965455061,-0.03583368761948682,1.5072396418883927,0.3533042072518799,-1.163016761314043,-0.09411200883494535,1.0
-4.628379483050078,-1.8356183618885427,0.06423097211539822,0.09419313949050952,0.8004591711358626,-0.1696204859328508,0.8792928576892005,1.0
2.250510374099617,-0.3485359403968556,-1.064750869468536,-0.23175940484530336,-1.0045007195888893,-0.8745519407375297,-0.8706844304545998,0.0
2.1078012278782916,1.1219739434409477,1.7751582214774786,0.26267530190294797,-0.960810918867449,0.056849898542503476,-0.8516752528473166,0.0
1.785949980319215,-0.2692216356728929,-1.7225153363616648,1.0326869543564396,1.1851104030036443,-0.13047870838743617,-0.5503745648061859,0.0
-0.5276966174016189,1.2658716232564493,-0.9204411162248896,0.42947156793004154,0.5607830950281569,1.252171452314285,0.4216975763454514,1.0
-3.2135009805008656,1.1034431417867787,1.6119811675673432,-0.48643346825127237,-3.459249854739421,0.8597651594301505,-0.8435035738875126,1.0
-4.386422966518,-0.7611037296113762,-0.4005974213820643,0.5868569411826599,-0.3765792013671034,0.5357661561995632,0.7327460704692083,1.0
-3.81001786983066,-0.9099185549027115,0.44316767898298204,-0.950423204780444,-0.3516360143267912,-0.2777445568424866,-0.10289479800234805,1.0
3.319673971519951,-1.5770528423794874,1.360728501213465,-0.694143098521923,-0.9089304101376209,-1.1722173099780464,-0.33728586589998494,0.0
-2.3932759643301043,0.990030777684036,-0.7575099477820072,1.554982938997452,1.4314582375644123,-0.34319049865305007,1.2091430944310173,1.0
4.680166262400175,-0.9685929539380921,-0.29127225659511985,-1.074272359944211,-0.13255703482607234,0.5036914458932786,0.13320072824370321,0.0
-3.067695140604762,1.1358375684170807,0.3746225453195138,-0.6268540126207442,-1.443694088355603,-0.1918371967086687,-0.16990883708862628,1.0
7.3532185750278956,-5.242623142570358,0.3169558176232958,0.432039742787693,-0.706033979849735,-1.2631862706365222,0.16917648879010608,0.0
0.2953131832477962,0.22693503616202507,-1.0894165936379545,0.9474227405246111,0.7290947882454998,0.580010385432566,0.10841320471947836,1.0
-1.9389694969467217,2.5449881124613514,-1.001423531895259,0.025739851907345956,1.206099162050352,0.7321001591123353,0.8164745386476149,1.0
-2.0771789214309786,1.8065194888372922,-1.1670794196663532,1.142229876476907,-0.4135714212356035,0.11823722051141297,-0.09909284808457046,1.0
4.975162358414948,-1.3325721796152117,0.8709775695835488,-1.292131181526477,-0.9619689040856502,2.5813129498165264,-1.2332042236975023,0.0
-2.1769168795842115,0.958911259387477,-0.23426487018087566,1.8544727414564688,-1.4817807457406795,-0.7693427599593348,-0.3897381985739514,1.0
-2.43155145500901,3.4472038667834233,3.4569448433707284,0.4936599556712438,-1.0457570448539208,-1.0088397190015717,-0.37556488383623643,1.0
-3.3679657788781237,-0.5629288977240025,-0.19257365473607221,-0.5703792715689973,-0.35172863326969683,-0.040263069739189215,0.4884905373748389,1.0
-1.2065977905127077,-1.317044338193832,-0.9307408058484176,1.7047899099350043,0.7187197466852084,0.6381882865555852,0.17167814448660274,1.0
-3.32607924870898,0.47517158154034667,-0.8982857429225323,0.813487860053885,-0.5853794718240366,-0.8823894377737641,0.08414341004213892,1.0
-1.9287954022352465,1.46146979756968,-0.10064251005290308,1.8207642870891223,-1.9359411165946652,1.3142833340682527,0.12034224549954653,1.0
-4.04183508995452,-1.356917456693989,0.5383416687329193,0.8339119186417673,0.1787470529996892,0.9917099587594179,0.5653937730886553,1.0
6.182283741692319,5.1080054494710705,0.5211405836082973,0.9407391907373299,-0.6065248742244445,2.461594581086627,-1.4682105622000983,0.0
10.93429815842685,-3.703254080483323,-0.8916940718882783,2.343507578529292,-0.4887855970160183,0.19643647631230757,-0.10974094686350575,0.0
2.11849693192755,0.2966290696064441,0.8674853936430008,-1.4502873917682004,-0.5395103672674676,-1.7333730638543425,-0.21699078821585951,0.0
-3.0121949701584487,0.24375997572806588,1.9837330373389184,1.6797256973841146,1.7036738873604296,1.8498053603494038,0.49834255668154576,1.0
-0.9826485812695359,0.79725239388114,2.3694211555946056,0.15692263568597745,1.5464297303143975,-0.25332258250708456,-0.9265812923328293,1.0
0.35789386251820315,2.127838631995412,0.7082090398064476,0.18474479714346845,-0.10256996202360233,0.5631985104240664,-0.9873750506212873,1.0
-3.193917865505713,-1.8491520732723707,0.09939835082345491,-0.022782509498783965,0.1790022764566876,-0.49281653486167404,0.17769913843486193,1.0
-2.993233301244481,1.6313922059001338,2.556717908182685,1.345887160690053,0.04074033422908394,0.6169899730092793,0.5132238359788154,1.0
-3.193914150468621,0.5793394420917464,0.489764220467164,0.04459417863229436,-0.7236072489432293,-1.0373975033461231,1.290586592576424,1.0
-4.591961853505452,-2.7611270972394943,0.9805426285780379,0.36283846482227566,0.22008131421439478,0.6905042715747903,0.3413958520110492,1.0
-2.4859161544122323,-1.1889394044418709,0.34877678912572774,-1.2562918600906465,-0.12939414971682714,0.5395822974190634,-0.14631466747561564,1.0
-2.3986653462113514,-0.25074479032477265,-0.32713780445421836,-0.27737290204250825,-0.35481456922145227,0.019372952868015707,-0.29243403668185525,1.0
-0.7796151997479067,-2.124343427417935,0.32078888783268944,0.07924892194767219,-0.08581006198468917,-0.8931305412654252,-0.8866105546596048,1.0
-3.1399884257528066,-1.4880221619895555,-1.1988784892759725,0.4534493910038139,0.8409019592300851,0.3229172060043682,0.1556966906977809,1.0
2.7350117716754805,-3.945168230499003,-0.017169486774376047,0.30011075805742526,0.28326716253797407,-0.5773144799099519,-0.6635510062106467,0.0
6.227025988689338,-1.3901096910538333,2.734237190567726,-1.0931614810010204,-0.5826581687790366,0.9889296712648721,-0.7977454997611025,0.0
-2.2237757455792884,-0.35716071079108064,-1.1016823288724469,0.18622269875144684,-0.2392749450585113,0.3984909401257682,-0.06455941791854548,1.0
5.307140022001188,-6.723414983535715,1.485664850811838,1.7765107365815667,-1.07355379288257,-0.8330771196320774,1.4932901079568466,0.0
7.248001061273752,-3.655469129562133,-0.15570199941134036,1.2268287666094266,0.29759003475690643,-0.4783436497870652,0.8450065568374442,0.0
4.207220618955451,1.1762428818289283,-1.590018185829224,-0.9788433463974064,-0.11758117054087734,2.6701704579749617,-0.9416177043565315,0.0
-2.4996363741121432,-2.018535626815686,-0.7312745967087367,1.9850232778770973,1.135955566005678,0.6178190894126764,-0.47972707446121526,1.0
3.6350149466830755,-1.9564409103843103,-0.8287751361071645,1.3797525713636982,0.9944209307839051,0.2538549480645782,-1.1792829342361417,0.0
3.519248275013523,-3.858607120150219,-1.0225290614081692,1.3841433002420913,0.3206641649013261,-1.0310282555927386,-0.7473750663544259,0.0
-2.6149483072401787,-1.1024744593810532,-1.2407360027913266,0.9094764763142889,0.37848074887515815,1.6188669871845642,0.09393164797484015,1.0
-0.09610811657662753,-0.12984758285297915,-1.6714641082979824,1.5274766916367943,0.40306746585653913,0.7766606166963458,-0.26168748360997734,1.0
2.0448569345669423,6.426819839190366,1.2741212490942875,-0.10974148942530502,4.602716499708907,-0.06264291090159423,-0.32200271532532404,1.0
-3.066749527557393,-2.1820956998038135,-0.27906267060616546,-2.938557393333313,0.47323452383807896,0.048979823056395144,0.31423105232944876,1.0
-1.603586443386187,0.2925962224312986,-1.5862254319409654,0.9096983438361923,1.2358691801570476,1.0351625045150192,0.29825991734262625,1.0
3.7659321541049646,5.985295348435204,-4.880361149350228,-1.12087271423736,-0.5642370504774705,-0.9324418500043123,0.5563822258636995,0.0
-0.9255666032078105,2.3024814303456993,-1.596111858291257,1.6762383821241273,-1.4269863511812153,-0.41360257135185025,-0.32685545731353743,1.0
-3.288349594101026,0.20131133641849192,-0.6277562832810127,0.6128346818555435,0.170768169433239,1.5132351053107436,0.11088374654056499,1.0
-1.5548521496523133,0.9798577293757126,1.1965597972721405,-1.775176976590515,3.4991253015674415,0.3122338653186129,0.6416066343524325,1.0
-0.3987799175813137,2.1612126918447374,-0.9456050178112531,0.3724810174536052,1.012650738432457,-0.5361615760560823,0.8246304660463712,1.0
-2.3005678213336314,-0.9320775840394662,-1.1299532643106218,1.4523765710245322,1.5556402965022131,0.5146557095806027,-0.1401822042363038,1.0
-0.5429013641687815,-1.3170679101673384,0.9957545225488149,-1.484875399983307,0.20297799850887108,-0.6347794724687681,-1.204717291103289,0.0
-2.058819455829781,0.3204351458128016,-0.1224584116949084,1.0208598944322944,2.079167638285294,0.8376368525892679,0.5377198292422749,1.0
-3.424518055230885,-2.445518411850092,0.045048749685042785,0.7861419082902185,1.6031823015684672,1.270748694516436,0.33720240786841127,1.0
-0.4724065518531583,3.702829438613114,1.9537848870831844,0.9963165765491471,3.814395995554094,-0.9040768141583468,0.705487373215571,1.0
4.703500731698839,-0.1959557548443832,3.7570329480035936,-1.0042277004320583,0.32865083655035143,-0.2525825627535327,-2.594847094810527,0.0
-3.6433802386141534,0.786859916392083,-1.1621457872905832,2.0988749274285334,-0.4240680171617906,0.15623055083948534,0.32449295516688187,1.0
-3.5946893435897005,2.605087216699082,1.8520296363154303,0.0898854298794071,-2.4425397705405607,-1.8504749395376727,1.548949544675908,1.0
4.1490973424488535,0.7674888443508857,-0.8879746991059719,-0.00836954822565649,-0.6049797724870153,-1.0170897996552244,-0.005024120683274265,0.0
7.672141552626156,-0.8604841506606745,-2.1536501241011408,0.25472337461253536,-0.2364704080586409,0.48607418291907184,-0.4032977015363397,0.0
-2.010379413757581,0.4296895605218879,-0.10408881296275066,-0.16029206038179536,-1.5095061288245055,-0.07670644745804411,-0.5416181996836685,1.0
-2.920833494836891,-1.700472474988824,0.29572724901672054,-0.4141768903568614,0.36391985648154196,0.38680690505056686,-0.6432367146574768,1.0
-0.500737800266137,0.106731464684532,-1.02874795753841,-0.3048847177438634,0.13912105102869443,-0.7447845350288502,-1.0677947147586309,1.0
-1.911498574922986,-0.6513938798572432,1.450288490680911,0.4007030527918189,2.0630023949979424,0.20388062356083037,-0.09958925157431137,1.0
-3.7850992277955915,-0.32614636749627246,-1.0580801978535819,0.606007753984974,1.5261555658300532,0.07310646981828364,1.238728961610191,1.0
-2.708393968213482,-0.21966574165493455,-0.3145047498263166,0.05525291287240541,-0.0482540389735349,0.16910296179102302,0.687780855312215,1.0
6.289673469535029,2.036547397134262,-3.1820822664254664,0.15554352969718027,0.20248906123358604,-1.2579858450405392,-0.28615262646173734,0.0
-3.4307706912388376,-0.992610034837293,-0.7316945965028367,1.3437229265735438,0.2358391430049632,-0.6918040020981285,-0.052083122514753485,1.0
-2.0013884663892227,-0.2933264633837369,0.6192038889010831,-0.35251174571656546,1.164819852992121,2.4301144986176304,0.20578459864797446,1.0
-2.4732930942871545,-0.33504702649306667,-1.4823620283793946,0.4652374498937199,0.048992703428154094,0.9379162955455754,0.022589291538739283,1.0
-3.6472577463942075,-1.241365125182708,1.386624535128142,1.6139593537320371,-0.17299139326935378,0.5970636092278705,-0.29389088868356106,1.0
-2.346186850942419,0.6827413168887647,1.132733890101661,-0.30310373125349904,-0.5416756760447332,-1.418525940975185,0.05544213582536801,1.0
-1.1429969265477047,-1.9621714940294175,-1.2407197004619623,1.479076572929913,0.4841825106766839,0.3043702616997787,-0.5355046117761949,1.0
-1.3508573033319757,0.3695739020305157,2.48667565697266,-1.140717662134385,1.9058645388993414,0.9309493452250029,0.7885685869422695,1.0
2.7633707862900625,-1.078633509031586,-1.1796239441243417,0.4141590724408263,-0.1646115490295076,-0.45916410343720954,-0.7430197400475468,0.0
-1.9693236050366538,-0.1758485084311613,0.4207313763354534,-0.7863120037748162,-0.8612525213010285,1.5866873766754246,-0.5751025424798053,1.0
-2.9311870554399926,-0.4948562291381112,-1.0170708912516813,-1.6864230172696861,-0.5657302170966949,-0.4689284830774875,-0.03421474903056691,1.0
-2.9263743861504827,0.3773322571214212,-0.8867938375703444,-0.11534487111998247,-0.9856802469755266,-0.33445608055318526,-0.01866457401381561,1.0
-3.996188277410366,0.9598560897763172,0.20440412868526903,-1.5102303014220229,1.7092484390559455,-0.285696295627754,1.2901076614901743,1.0
0.1551380594684904,-0.43800822823193103,-0.4614456968346671,-1.4545331040782876,0.8558402817224146,1.2428748208987495,0.16944174908909607,1.0
-0.9340908103734432,-2.105945591164883,1.4329170271005216,-2.894261664692209,-1.2754158303211787,1.6266921174083309,-0.5476040282474515,0.0
-1.929621730255185,0.8924666900760733,0.04234474806297427,-0.5588843033652323,-1.2803302386980526,0.11682942277000496,-0.46842299288778033,1.0
-2.6223386017039356,2.5021016179702893,2.4349994992570543,-1.8780131580463657,-3.150816648851781,-0.7836538552172029,-0.18863218875629886,1.0
6.003616591373183,-0.09102922215333492,1.7112016700985109,0.9473749160740599,-1.1750360687414239,-0.856204964529945,2.5045961656642275,0.0
-2.9218778045747436,-0.00921268110250189,-0.9013034826142021,1.791328548452655,0.5769796710282905,-0.23980999656450178,0.6760032496881313,1.0
-3.3419448039492616,-0.02222473046086031,0.5033012014078215,-1.1422623205719389,-1.5647613960017652,0.16775780988482203,0.075527190375364,1.0
-2.014915033411889,0.7784521313204145,0.12557879392343135,-0.6597357793024825,-0.021929721787722373,0.6893207655293245,0.07556516069993237,1.0
1.988462105551325,2.3160480540140873,1.2363039421289994,1.7697760725947547,0.14399580609983806,0.13359584513212705,0.3654370620529899,1.0
-1.6696039306005648,0.8623188526395793,-1.0103061724323716,1.323895219319549,-0.281567848940033,-0.23939662238432458,-0.7280751839242015,1.0
-0.3711781135185419,0.11361265869439892,-0.9983635752221837,-0.15536988417838024,1.475955716763369,0.47596214216954474,-0.08897631105787004,1.0
-1.848959929837176,2.541229649176256,2.0053476116292495,0.484372015487066,-3.5086454464032943,0.5345345383934257,0.6996349212781794,1.0
-4.70304220211123,-0.43230243073641594,0.005305087690083132,-1.3706086349331188,-0.08509958388861433,-0.3300739073226056,0.9947377416263733,1.0
-1.2831871507862196,2.550909310253011,-0.0838603451053256,0.7715122498119941,0.5569105569619199,0.270001533944593,0.5114146803192788,1.0
-2.3142468193050143,0.40203147729566857,0.2746231955442485,-1.6704631787770499,-0.5367110897128992,0.5083748134177646,-0.13889400925498402,1.0
-4.6590851764109535,-0.7822987564616685,0.1921219212058566,0.4936819119262308,0.5361221191864074,0.226041810933366,0.226451460217437,1.0
-3.9434733817348286,-2.0300162870602847,0.6917357213138688,0.5134062463784009,0.3401145547807022,-0.06509738064485462,0.05022620870923055,1.0
4.949858461550104,3.0060641292021972,-1.7540716861367198,-0.6723605161746884,2.86477378071047,-0.30708100323658455,-0.6498335948559604,0.0
-0.9158035193313224,2.47901312867841,0.3626066865372237,0.26196651845146957,0.13847177574513625,-0.9912359416190104,-0.051203490668000506,1.0
4.5491111466279515,-0.8160005055481384,-0.518755086310987,0.9163397745221602,-0.07148601869349137,-0.9308826516327964,-2.2564483709583527,0.0
4.442342818131014,-0.9924388978973587,1.442319086220164,-0.5750345977292053,-0.35758999930324653,-0.02996741307401596,-0.3232774214832918,0.0
-2.1949843010205896,-1.805353237746215,-0.4351094056917172,0.9539430633231992,0.5538004201779996,-0.1686115639189605,-0.2354458575131482,1.0
0.6644409146912514,0.43686085565482263,-2.6807818782310266,-0.7292266179991421,-0.027787374369113067,-1.0820506667848544,-0.0010508143892356773,0.0
-2.240876053643133,-0.45458951144901644,-0.46552758806891614,0.18872465999528337,-0.8282932096222899,0.9533192397193446,0.6734784504712398,1.0
-2.1251804369201226,-1.1947969118047663,0.49037198738325743,0.8553963494811522,-0.10593586367309049,0.19534269690342937,-0.003452234122059565,1.0
-2.6153174112222257,-1.8320604325909962,0.7643295557640369,-0.8231658593590427,-0.30078724538228324,0.0899378101352652,0.1463430283642524,1.0
-3.2109679756621494,-2.2351427041662753,-0.16622442953719427,1.130057799742305,1.2601888047427383,-0.1035913706395515,-0.23537316817112738,1.0
-0.30675039870785564,2.1849988333666666,0.03928624215563903,-0.486455628743489,2.089449969045051,-1.1041435286125958,-0.13486221556072536,1.0
2.4723569167736548,-1.4998247516737349,0.5914532151178243,-2.267351500341721,1.4058401802841687,-0.964858131398422,-0.8143027105373423,0.0
-3.454718372112869,-2.1364615481714218,0.19716267170428992,1.5341768880571143,0.942875299471748,-0.9371161033586004,0.6832630797387091,1.0
-3.900526848058522,0.7307759702638028,2.1360711045127774,-0.7811728871706417,-0.8325514964961666,0.8978211767431297,-0.8910793181587167,1.0
0.9817275418953912,-2.210429947110437,-1.6999192298530355,0.9709720149603832,1.1832582998273342,0.14365294745476553,-0.4571111324969191,0.0
-1.257251571022981,1.067691514943476,0.25947526998954534,-1.241752140810577,-0.39321578798740564,-0.6997706079011806,-0.49818151297237256,1.0
3.2454136489032486,-1.778358632277559,-1.7931536723727353,-2.4850594608296603,0.5503521125909775,-0.5986124380678958,-0.4696013243833808,0.0
-1.557219412537017,-1.0379271063964213,-1.3012450790124361,0.6216725921157854,-0.37935339382422223,1.535698449292811,-0.29079885421613266,1.0
-1.2492580966982785,-1.5888387893468159,-0.32641344047943716,-0.9253221277016155,1.5353498717804843,0.012065233436816208,-0.10117657897266803,1.0
4.331653344535905,-4.04933241833128,-0.1925055254356192,-0.2906134570917387,0.6108408047500965,-1.4235883076978368,-0.6701408763512672,0.0
-1.0774513298933348,1.803618163151285,1.7810416304900136,-1.628952250218607,3.7417539198513174,0.34243465253085964,0.9299644691840598,1.0
2.5117531022607626,-2.5288075833955217,0.7982023062429702,-0.8236745856457695,-0.4292639459180184,-1.8315347789492518,-2.4042988932567715,0.0
-2.2170923054478426,0.029891288094555706,0.63646013533323,-3.376701147519292,0.47999472804745447,-0.48464635112561644,0.042998311813128756,1.0
-1.1738306467787551,-0.47483950502457495,-0.4815709118113401,2.1439593885003623,-0.24330052982709793,-0.4828604561646832,-0.5075109153157531,1.0
-2.836301444333434,-1.0181258063239855,-1.4866300032199948,0.45640567167801127,0.11470499442974044,0.9738357660018157,-0.15046125090908585,1.0
-1.8570858988747954,-1.5713931191145079,0.8264827444788841,-3.930249474943828,-0.22082665933948128,-1.1998402301859548,0.33678772704266,1.0
-1.3286143729580835,0.7770956605632364,1.256758229414014,-3.785543612333735,-1.2450630091160766,-0.22562438333532517,-0.7497635609216967,1.0
-2.802771356776173,-1.6663016342542076,-0.19401832708270056,-2.2331074208252155,-0.20524668155587006,-0.5721718048082288,-0.36156677249852803,1.0
-3.174568796763729,-2.075733619391641,0.07490026826366612,-1.8698290287647181,-0.20932679993186354,-0.4825659249012897,-0.17958507918715788,1.0
-4.087077360931367,-0.4847100793606927,0.631364008693786,-3.40273284320929,-0.018224707777056787,-0.30982129428895866,0.2306263905892769,1.0
3.475493748130868,-1.6728843912266602,0.8568267992048033,-1.1567678797737841,-1.3825714329191232,-0.9999209134881297,1.1156336229462953,0.0
16.319233231031983,-7.7758528042480535,6.235415554855194,2.328073172491336,-1.7094559531045765,-1.1248214678265578,4.962496327452395,0.0
-2.5601150180169068,-2.4940454475524683,0.17031258676223773,-2.1097565859860743,0.9792388447988989,0.4887551429471987,-0.04627062391763191,1.0
-2.9688887959170707,-0.06884713568909902,-0.7784115655269566,-0.046666813630664605,0.22820687173022206,0.3448923943958196,-0.0766015188605069,1.0
-2.7574304510201144,-1.7939187681258837,-0.7578141189390932,0.02411827956204584,1.2839123833477475,-0.6588327049158773,-0.3132338153368466,1.0
1.3703398754406408,2.1100113491217005,-0.8537202468911333,-0.7237684363926933,3.8243792108127086,0.223420343382815,1.4713795266111673,1.0
-0.4176644925528786,0.11651969702822755,-0.536142595891301,-0.3641990626612339,1.5134570871729223,-0.555700684559012,-0.21728684595773576,1.0
-3.838398622981231,0.8991786485508185,0.7005639498689386,-0.21993976730455475,-1.3371628915530884,0.07674450603616237,0.6410428046155422,1.0
5.930964859583869,1.2282966822613566,1.721587755579564,-0.4735822620113296,2.8835393379958383,-1.1002377058954422,2.0243201352891127,0.0
0.6454786474866491,3.426011420952225,0.6082849579981704,0.2344862247990494,-1.2096985538169507,-2.4278513826265806,-0.9417139935236115,1.0
-2.6838464009792635,1.4435555289647535,0.33940350008555936,-0.24481701141284087,-0.7926918613561657,0.925629694480202,0.4960040184727208,1.0
-2.041664052105509,-0.9032559294447849,2.8432414099458176,-2.8858314262651112,-1.0167094549769018,0.10446045718084937,0.31958560770725214,1.0
-1.3992963501120093,-1.7722262453778055,-1.4795615607638224,1.3081089948054327,1.8053147465139894,0.6154644577507148,0.280220084094221,1.0
-3.5364152954177617,-1.2468541534618014,3.3854111271305225,-4.666050967904411,-1.8757278225964307,0.8903976312335039,0.9255097792568222,1.0
-1.9905294465908614,1.8994625506893923,-2.030998079019092,0.9119054687431976,1.2315544732094696,-0.4196278030277636,1.2878926021279824,1.0
-1.998185367129182,-0.2063711365256973,-1.641325073356014,1.0392104952540866,0.9042109602026746,0.3676287600018251,-0.3447806372028015,1.0
-0.5206581123170592,-0.9733678106769813,-0.32413538021474014,-0.5439993686754987,1.429436707201129,-0.0491990037094986,0.22270262792672949,1.0
-3.172370488248239,-2.0890522980358512,-0.978805732555127,0.38709710403120334,1.4194755710666664,1.338365393838618,0.5370579908922537,1.0
-2.202710189056727,1.2860393186695727,-0.8873992153533182,0.7011030483900976,0.17982114831593476,-0.024052100954321684,0.272936341911127,1.0
3.8244330429411644,2.305236316377143,0.02754619343925323,0.6702588828133847,1.2897652202744485,0.809094686415963,-1.5682757162901273,0.0
-2.9854846903263748,-0.6733392442277558,-0.5904898836921557,-0.5943502866109696,0.4619692962875837,-0.5454030937320161,0.6173995442036653,1.0
-2.481055107277701,-2.3639587605259895,-0.43261456686139016,-0.38346967384296465,1.0381214017246312,-0.020466916794952682,0.5600933916357882,1.0
-1.2721114612782496,0.5098338482934448,-2.2389916783955477,1.6723763775666607,-0.11760644181495261,-0.015478846748503734,0.034229904552975,1.0
-2.2351568880780768,-1.298704493705153,-0.9014368964630942,0.4340941149757524,0.18292602964136193,-0.16343264367034463,-0.23652212315084456,1.0
-0.0561831043117364,-0.2273833929559934,-2.2555156535549696,2.710600426115572,0.8017853835836527,-0.9605697692780263,-1.038406259040787,1.0
2.317390606280653,4.3891343349221135,1.7784111295615603,0.9694155881694112,2.6453765885271943,1.5571171023132002,-0.007413415918089463,1.0
-2.2843312608518875,-2.466840756413277,-0.8211884864674682,-0.04080319619877631,1.0927813026949214,-0.1010140198777559,-0.24822160559639175,1.0
4.754614870668752,-1.4894235603784576,-1.2537511047083383,-0.052586996740988684,-0.09662477551147483,-0.3553730134905875,-0.625516654233033,0.0
-1.726310917687999,0.9981778354005326,-0.08023841604984493,1.0646470599764069,-1.4356170248795395,-0.8660553278871146,-0.3429320656477903,1.0
-0.7417817670631579,-2.4520349661082768,-1.997709941884272,-0.45793976437864103,0.2612910889385848,3.2035584976036393,0.16833284716284314,0.0
-2.8943106610119638,-0.9779443192076601,-0.8056442410371325,-1.720779257902123,-0.028983549109454547,0.21190399664248222,0.67251371351988,1.0
-1.6545218459207909,-4.555664122445225,0.7523230680234096,1.648322818127837,1.4030728702026574,-0.5534032465348377,0.12242926656670418,1.0
3.1035197039278506,-1.2361532113365892,1.2873550796581834,0.6086489057707255,-1.1222598881364525,0.9300496236409032,-0.19737959431172877,0.0
-4.064270597765448,-0.560954221724805,2.1766848006616644,1.3758683589728513,0.1994651660544778,0.5647368412075552,0.26888232564073694,1.0
-2.7933306574629637,-1.077888133115854,0.8445421128614506,-1.110207554004882,0.004869669186309721,0.5656032856867755,0.4689916516656036,1.0
-1.4749199376087572,-1.5910942013854987,0.31999144425786363,-0.7988321509232851,0.15805756198617918,-0.4380661524903637,-1.0438262778475509,1.0
-0.22939463704328558,1.5159034180090327,-2.21628300566562,0.5555697413936223,0.251201883595338,-0.6025604899803589,0.41004321400569604,1.0
-2.553258407613496,-0.7639004851777256,-1.6094031180159039,0.05992786830477693,0.50584500580545,0.21379696121766853,0.09832558170207051,1.0
3.7157051034634048,-1.0586862195140523,0.5219535630210251,1.3970017644327666,0.3686144020674793,-1.1046105008956228,0.6344600026623614,0.0
5.094841843796655,-2.0192078340507686,-0.709369695716074,-0.08279495368838193,0.3838169003213506,-1.4479359134646608,-0.57349447988682,0.0
-0.600616113555981,-0.8384546630132841,-0.6870419696538209,1.1553338097876913,0.9824326045999322,-0.8532305262770323,0.7055308873756609,1.0
2.7903998294337877,3.3855607718235534,-0.7530763224958138,-1.3331817382369204,-1.5855316171887086,-0.5084176413480824,0.20716268823832681,0.0
-1.4087712143990503,1.5057705921465343,-0.35389601743282734,1.1217407039016458,-1.8116702921081134,-0.2421453829558902,-1.046158522865479,1.0
7.259178840793038,-5.495735719287866,1.9109258819794446,1.8957166564682704,0.3963779211378556,0.06639142336844456,1.1539848648983244,0.0
1.2988665487860633,7.729852801544607,-0.6889146563006507,2.892727403870426,-2.0153548762958517,-2.2028561029819995,1.0259971745694383,1.0
1.0766932756334708,8.294775448775129,0.4341924584367594,1.9541898161094429,-1.3958720225709933,-3.511878193549115,0.6047923820505223,1.0
-1.249760524772048,1.5956838545110152,-1.3564745816389736,0.12626747824587867,0.023420074991679963,-0.48514958070858855,-0.13607018688739186,1.0
-1.2569284056190162,4.117186681519054,-0.41272977060668053,1.0541736695540493,-1.1395269602230962,-1.949042912732394,0.4886229899422467,1.0
-1.1665352144776222,-1.6656937357126085,-0.737878007570072,1.7621671166061912,0.738352271356282,-0.8347113634999394,-1.4101275750836468,1.0
4.094142557240371,2.802927249607933,-0.5074334200447652,-1.9773184078283725,0.1328251806253037,-1.6035214836136136,-1.054296049473649,0.0
-1.8876392413595022,1.6721917387288312,0.1197976153948204,1.2182151966096892,2.5680699127017683,0.2538917898850716,0.5477366493119427,1.0
-2.7674357028460452,-2.1610487950224146,-0.02109616920102364,1.610275734297008,0.7163787006179948,0.03300896119324348,-0.8760672647958508,1.0
2.2269944892059614,1.941634759016569,-2.2856034980594204,-0.3398606819284155,-0.5368573156700079,-0.13682050439173493,0.39326334915678035,0.0
-1.131576890745015,-1.4110019654201036,-0.5650531256557151,1.9949607161439247,0.5284875674651498,0.07255810834748384,-0.1759690269873953,1.0
-0.733772452241108,-1.943697183423244,-0.27523619994189646,-0.3378231464550354,0.6609911481959772,-0.7743052229101439,-0.14559667295883288,0.0
-2.3336707368113836,0.7901466072892556,-0.3500434071099423,0.440859558439446,-1.4225501718393898,0.046649057546086364,-1.0014034552842874,1.0
2.6972237543995674,-1.9437099457678468,-0.9605644482176614,0.45950865236982164,-0.5844984180363713,-0.491725508710064,-0.5172086090102799,0.0
3.3790146677223887,-2.3334289449619234,-1.2019321794400493,0.5536129522146854,0.5278808022106934,-1.0185728262732474,-0.026131464493668367,0.0
-0.19987058014153192,1.0763600031270562,-0.673148831189974,0.6284454996421605,-0.8402504078527198,-1.2875018007427457,0.7487130684225456,1.0
-1.176025913235327,1.0113701777302324,-0.711768306504468,1.0660684567937706,-1.4219009273235594,-0.26543958542902885,0.19444543344817047,1.0
-1.2926365392815649,4.964224702132627,0.3459270200692554,2.2405348834051857,-3.840529889481228,-0.5486177127702202,-0.8147889838808222,1.0
8.630755859096045,-3.459451915076072,-0.1790567926444023,1.177164070001331,-0.022905287059547832,-0.006691028033917228,0.9620201295901388,0.0
-4.429456371065783,-0.7860360357018072,-0.4734190928211465,-0.6966169884521297,0.10380442443058709,0.09718106670790587,0.7225180039289688,1.0
-0.6198387404461234,0.6363492701040989,-0.48885124950265024,-0.015154457556361823,-0.10640665720496952,-0.600716365140285,0.13930927835721604,1.0
-3.2523157686120374,1.2859251612593696,-0.2184764878776043,0.3078082325541603,-0.09942903763666631,-1.4031994931206617,0.9536158271792441,1.0
-3.3529270535365945,2.673300597719782,-1.779087079067526,1.389585989117893,-0.3544411029677125,-1.2112738742812041,0.8167571416483614,1.0
-0.8598029860026032,0.09684852260130422,-2.8140447257800245,0.1843238979872265,-0.6300753849728893,-0.3650391865104516,-0.04625674343924984,1.0
-3.156621968682842,-0.8715426236404163,-2.195714787662341,1.4498676230025396,0.43143587544578327,0.32605711340453464,-0.0945335455708981,1.0
0.3465281132084093,1.5412252758019365,2.8464540051599245,1.9098114714040837,-0.5718343645736131,-1.6874945063371913,-1.7124115855904336,1.0
-2.4614066509244985,0.6008479692253264,-1.1714651365776076,2.2110539321938485,-0.6919118933802703,-0.8526901430616965,-0.028873966144882097,1.0
-1.530100721587447,0.405217789292455,0.6044647414844097,-0.34717148469445314,-0.7860472762929817,-1.1021305908391823,0.08702829372580387,1.0
-1.773585066060569,0.8042100123847629,-2.027918042469094,-0.6873331774435493,-0.6160920316421149,-0.2893278687590222,0.47345286934071623,1.0
-2.6804416239658653,-1.4847089005284757,-1.741693380891217,1.0234906130765589,0.2974687520493312,-0.19807776439737737,0.4341312620839898,1.0
4.028435261074221,-2.941430098011304,1.6594853954200763,0.22516730275648186,-0.5135947396173922,1.936222548091278,-0.7282261749645288,0.0
-2.1363512285988735,1.5185806390194974,0.1789652331085316,-0.5007767122095962,0.6830474441393444,-1.551675829154456,-0.7183276585745342,1.0
5.165410948305189,-2.3822032315181256,-0.4222772813046224,0.8834276167280735,-0.20940815107844055,0.5792299830560942,-0.5434880084534321,0.0
0.5359319494274822,0.38071514563631714,-0.44313478145025326,-1.8793719186877005,0.22686941665113824,-0.5238389673502747,-1.1505709678411051,0.0
0.3431233829428895,3.5344810519931738,0.06966880121661491,-1.5506703478482684,-1.9569208590039509,-2.339517912280494,-0.4835065912170999,1.0
-4.197079986345911,2.367392283022527,1.32714473078617,-2.039503958126585,-1.7619167368984816,0.042429007261824185,2.1687554096842634,1.0
-1.1428318645966058,5.5994584702606565,1.3010370177249901,-2.1882496591275657,0.765574671681577,-1.159226747818138,0.1915351901786887,1.0
-1.6654751532170815,2.3896181248027175,1.502249440730467,0.8759511409652839,0.4845455728032769,-1.1895181860481876,-0.6777554020434657,1.0
1.0117124957300923,1.0923896495493208,-0.6326983810410003,-1.7585184225129897,1.0468264439985568,0.4258947088701507,0.39828597261459137,1.0
-1.3009297119683663,-1.8214153018192938,0.3733074981288208,-1.848168946630112,0.19962707048542666,0.7657543373053446,-0.4667152033650233,1.0
-2.3734287250096187,-1.6815762381895427,0.3845281407178098,-3.016728639948143,-0.038246655548414915,0.0688135464692812,-0.41522251873748744,1.0
-1.6658710117954179,-0.21396274009249705,-0.1480724220983075,-0.19705174829186622,0.5564802542524695,-0.9315821530159143,0.5243195200898448,1.0
-1.9276781923709811,-1.1377399160440196,0.4782022974938391,-1.1575004013591466,-0.202341908505132,0.11489826961130023,-0.11625493665615783,1.0
-4.237216617940865,0.18427249696751022,-0.32641840655033366,0.5883033317855129,-0.7046267903380996,-0.14609126279242957,0.2598571346883528,1.0
-2.6778707208422867,2.315792822976004,-0.05384820591978007,0.34044965333581545,0.4506481566306487,-0.6783477095897279,0.06410094064588319,1.0
-3.836497851795834,0.4962499285509434,0.9232396859792151,-0.5518716714542058,0.08003558329283048,-0.11266882128770174,0.4744866104899595,1.0
-2.551440295950188,0.2283299574366732,1.414178011794504,-1.9707898183222978,-1.4563251243801902,0.8555217746435464,1.0219210096335543,1.0
-4.694923445156693,-0.7674779440649326,1.5439648405352384,-0.7790190185760201,-0.7848969794154576,0.8513735571344729,0.7526680967058773,1.0
-2.0250371641270752,1.2612419002369084,0.5049260938423012,-1.1355273912276962,-0.11426263232775673,1.784776963627061,0.3904953244902958,1.0
-2.895948205518767,-1.4516357644008573,0.7805459976049488,-2.970448198224327,-0.3571499568580598,-0.583202607402638,-0.6184118265391724,1.0
-3.5022010405437833,1.8008324922228445,2.766456639692319,-0.866307282520981,-0.6253646906178578,0.41226960375775723,-0.30766602333976995,1.0
-2.1539036673959537,-0.8300688184730425,0.5647967241587162,-3.0117559275365693,0.5658252895799356,-0.5504027048454821,-0.4844054412012749,1.0
-2.0550840679912494,1.6164592679963883,1.8389594650896206,-3.113534975315591,0.21104266363660693,-1.6418062316221784,-1.0888529250986683,1.0
-3.877289579397798,1.0842547444977864,1.859943909639656,-0.4337396700655994,-1.687438793364262,-0.814892683595272,-0.4710738985643922,1.0
-4.063862114728075,0.122168435216766,3.2387726471757827,-3.469182950984943,-2.241908073167685,0.17490914832452592,1.0772541424198312,1.0
-0.09866733268842741,-0.2135598383306847,0.3889294641594744,-1.0127105250774868,2.9890677499919827,0.012452208093488374,-0.2902569712060395,1.0
-1.0893761900701342,1.2928478982612015,1.4293788856272882,-3.372136457123796,0.9473415671793809,-1.725869872329597,-0.35397481912986234,1.0
-0.4817709648474549,-0.17801969111679264,1.0321075823080093,-2.0102801873798315,0.32710317445725196,-0.9920622853725423,-0.0485456830791291,1.0
-4.870309518087021,-2.131106107486568,3.4141887812790332,-5.13398830625255,-0.4889207768733099,-1.1107923351723807,0.48837121478597184,1.0
5.917612589142678,3.4826366590611224,-3.2627916858890678,-3.917585444993273,1.716382162429196,1.0135989310390687,0.2714423869581909,0.0
8.741338077267804,-0.5738546724065822,0.8970900979949539,0.3851499084660279,0.6790432787353561,-0.30075277356569363,0.09482438363989944,0.0
6.43931548395405,-3.5768174440143423,2.4594865593921607,1.1773140506057522,-0.07482429488197058,-2.3751929340845814,-0.5961296776392144,0.0
3.7933823700327323,-3.584047863942083,2.088476389587585,-2.506027755260139,-0.5107225246988998,-0.24671010941047905,-0.7163263395813155,0.0
1.2561792761502522,-1.9022967130754447,0.56273052556546,-2.089227022209129,1.8099913310371196,-0.5344471888364372,-0.1927582282868769,0.0
10.374794059769835,1.672010105336677,-1.8770293302249268,-2.3560311281936688,-0.033741931564700026,0.5679364748431839,0.22308167182645977,0.0
-5.475243302544345,-0.6706367907573523,1.4904430808346532,-2.299157138525296,-0.1847033089772945,1.6178373631443848,1.6989515570198306,1.0
