COMP1,COMP2,COMP3,COMP5,COMP5, TARGET
9.192836821135707,1.9485830478085957,-1.1231673539208857,3.63373531380061,-1.1951044557995902,0.0
2.3878017994249485,-3.7681717276710485,-0.5292918570553119,1.1182606680934446,0.621770772354047,0.0
5.733896279090094,-1.0751737976322515,-0.5517477820180907,0.9120832088264169,-0.1770853610391566,0.0
7.122953198079957,10.275589127633408,-3.2327894831938213,0.1525469075691616,-2.960878657049139,0.0
3.935302075031652,-1.9480715620970317,1.3897670653220333,2.9406384053665398,0.5467462092793055,0.0
2.3802471508331724,3.949928897852296,-2.934876735426457,0.9410366944762815,-1.0560425180508888,0.0
2.238883307763417,-2.690031280650494,-1.6399129752593504,0.14933992828696327,0.04035973162991966,0.0
2.1432985019262114,2.340244013793477,-0.8719469091320777,-0.1270439511126827,-1.4274381913920666,0.0
3.174924290939935,3.3918129455435775,-3.119986442309884,-0.6012950973308955,-1.52228801778222,0.0
6.351746797714858,7.727174101645746,-4.341914026859223,-3.3752078138455035,1.710254119218425,0.0
-0.810413770495247,-2.659275494115623,-0.4888297115518025,-1.6725666926532952,0.27581134623656817,0.0
2.6511004773087152,0.06656792647882452,-1.526455352411821,0.05126180454139527,0.33195099787035903,0.0
8.185034459204939,2.700976500779295,5.7302312378316875,-1.112257753132634,1.0434699650563484,0.0
0.342125915229116,-0.968279256136169,1.7171718835547818,-0.5950039623748956,0.46800920690826525,0.0
4.342379196438405,4.861083320995573,-2.8161151085560694,-1.4545585435290167,1.2900609251661987,0.0
4.075656179249382,2.977061195230632,-3.125273296372604,-2.4580738216052302,-0.4083463814164739,0.0
0.230055014399786,-1.5647577311360825,-0.8025194831107527,-0.6505818013432756,-0.4947097195087093,0.0
4.418010914398748,1.4186703272560752,-2.2703193508911723,-0.1862711375181239,-1.4238592791980236,0.0
4.948703550020534,-4.114333534001375,-0.3147492975801328,-0.08820622027358921,-0.056715079455416074,0.0
-1.2370633573001824,-0.18821495581231995,-0.5932835577433352,1.5963462600929077,-0.4421538882547504,1.0
-1.57816123483183,0.5728081942624924,-1.8014467142809891,1.1252759609543692,-0.3952694911004234,1.0
-3.557336372450985,1.6629499080366703,0.4511876645892708,2.0737637692603634,-0.4907479038666282,1.0
4.733210787719005,3.304963726391338,-1.4665368330207373,2.0411505677432658,-0.026219662215913753,0.0
4.208524208291957,-5.128366522187758,-0.7524022466840322,-0.8627098421985446,-0.4709675763805397,0.0
4.94963207045017,-1.5437523107671485,-1.7131947880598923,0.046761964511607565,-1.7392267080076305,0.0
7.098562852359575,2.0186103251870593,-0.029010199134436174,2.587952646579494,-2.0393370854175026,0.0
3.510262605114827,2.171625122912957,-3.894546193282406,-1.2957603937780757,-0.06821927757265454,0.0
3.0640538876011405,-1.8765523423685515,2.581748081928682,0.12848321385576655,-0.11666662853250803,0.0
4.00726414097599,0.5372421468111807,-2.761626284595703,-1.8983850222041265,-0.5256698612647899,0.0
1.7153097261422394,-1.5237050239971026,0.1461870069075448,1.9113867945726264,0.5361237937374718,0.0
6.059445512029094,-0.7571774589869886,-0.34923973543596176,-1.0642162446285177,-0.7461035714913833,0.0
2.902236107842799,4.005295521406154,-3.0014618925980026,-0.32531820883258344,-0.8553589027971191,0.0
4.554782686290967,0.33753614198950393,-0.7543014160421456,-0.7003279119869817,-1.5485427410752024,0.0
4.990602725283511,-1.1325888969013074,-2.5773835310150552,-1.2172637660496584,0.669912100482021,0.0
2.9853407910489427,0.7584232522873517,-3.4937613275139547,0.05425912522598675,0.1670977692047682,0.0
2.7663691559263817,-0.35435594747450705,-1.8969634043588426,-0.5342539227351836,-0.8840178351934583,0.0
1.2961987663622914,0.9131962815479526,-1.5757683763014343,-1.043167583589048,0.4147203410656746,0.0
-3.749313393123935,-1.4134731072512425,1.732308408101229,-0.5654449206431219,0.08033611391838945,1.0
-0.9980688973207722,-3.3512929073328617,4.305574614038436,-0.5612115438713925,-0.4643758481603847,0.0
0.7652641173130261,0.8862439577995513,-2.704917843611294,-0.2747817175191479,0.8104270882253772,0.0
-2.150953471116655,-1.9239916175271798,-1.1804842729394802,-1.1131976954595475,0.4484720354318436,0.0
-0.0933313884736489,2.260751999274191,-1.9047268631088288,-1.4423059507670477,-1.705361997979585,0.0
9.087999676446948,2.0186730919734104,2.1412261216947184,-1.0692435811226713,0.7979322019627786,0.0
0.9904537641517611,0.9849300148391049,-2.310733978164077,-0.2768242357174224,-0.640509397903081,0.0
-0.29354655229625365,-0.13709909424503355,-3.301932246986573,-1.009784582452367,-0.022509245231734577,0.0
5.380940406832176,-0.13487698120971078,-1.6788425749404048,1.507694974155595,0.15199838723028394,0.0
-4.581936674493265,1.484220310056186,0.04207409144054429,0.29623088356776106,-0.7138500666041324,1.0
1.7000068883151112,2.352271800859228,-3.078088764969501,-0.066022306385064,-1.0564682065157103,0.0
-2.1364452779362892,0.0958296052515311,-1.492412009334016,1.121063737237228,-0.06803638564460587,1.0
-1.5674789977632466,-1.2084332150486976,-0.3691592340895761,-1.475628439251407,0.17275096020598837,1.0
-3.542905557313003,-1.2824955793145603,1.018210956604281,-0.6081562654911989,-0.21963607160354146,1.0
-3.1578140499467744,-1.6889585921058585,-0.4962936418862555,0.19401190014009712,1.4399174008600648,1.0
-3.4504885425300174,-0.4982187106760795,-0.1525177326005654,0.5754855351392558,-0.05231605724945915,1.0
3.3025509496429786,-1.1309378113957849,0.826392205076255,0.9827183811185106,-1.1952611226145629,0.0
-0.674619285488229,-2.116409717278512,-1.396219704643003,-1.0431389721840614,0.24181660217702453,0.0
-2.858158439461216,0.15272313695687523,0.42893504976081775,0.483059891349418,-1.5105373492622618,1.0
4.64873887127001,-2.310332576762528,-0.7288091408373347,0.6399425547058717,-1.1583233811449074,0.0
2.176862883262881,0.9721160521740352,-1.9438881971694306,-0.73731880265168,-0.3957851255364847,0.0
-3.7214589919327565,-1.7876416498947185,1.2799330263541828,0.11556513050538963,-0.5262832291981944,1.0
-4.1359629452007525,2.4037924833061135,-1.2429586493331262,2.048347299681645,-1.1656507098555966,1.0
-2.3858356604003204,2.757658134467458,1.2140862679850428,1.7944867046524307,-3.3381612459254355,1.0
-2.5788832519873175,3.1386719217691192,1.400280152460293,-0.763866463862046,-2.784095517086136,1.0
4.759112152264158,3.01168049745171,-0.1662410556508154,-0.6058267020108904,1.1417031216331819,0.0
-2.314132249172691,3.2679896783156672,2.796224300470745,0.5657258834989508,-0.3818346737205138,1.0
1.691607921601034,1.540676548954655,-1.7998455712705053,-1.3905884831640545,-1.2126733404235348,0.0
1.8123054028787655,0.7227401846764872,-1.4662500443696085,-1.1987283597817304,-1.4280392297867361,0.0
-2.7859247567261347,2.3106487148512187,0.4727253015021694,-1.607160276656018,-1.6128580602597398,1.0
-3.518648340814236,-0.6583094756154704,0.5913747266733653,-0.010801936000958488,0.02059031542296689,1.0
4.330002653335283,9.202525703062202,1.492963730404525,0.3199439782308339,4.728165704375781,1.0
-3.2612794719658673,-0.9378381187911592,0.20513019472677113,1.090070840999152,-0.46035090955133745,1.0
2.704596171255537,-4.437141778922526,0.30734502909858785,0.48869407107473917,0.3724964256262139,0.0
-0.3078557784014487,7.387812142948808,3.819084138906029,2.1335622795981726,2.710711246244752,1.0
5.503705318363493,0.9383254219180909,-2.21013101415327,-1.5237984367536481,0.9248878765880195,0.0
-0.3617091915985366,0.11973908937538962,-2.040955537780672,1.0588830538799574,0.7571081411295516,0.0
-2.629976638794255,-0.697309369471626,-0.583941718079795,0.3381818150459153,0.46754557774102207,1.0
1.428167591527195,-1.9671014192435823,1.111938572077334,0.7529119546697165,-0.5398801142555477,0.0
-0.8345178816059614,1.9656048605337888,0.7904324479639191,3.4376313647165078,-2.354551045434634,1.0
6.230896511111977,0.9200695418313788,0.08982712805478996,2.5391595441783092,0.06213686552144829,0.0
11.668714647418154,4.748617197910537,2.005878985309247,0.319049357032691,-3.391359700213438,0.0
-2.0215776582361986,-0.25489983289947454,-0.6478719622057505,0.05925128113285784,-0.05484794274395877,1.0
-1.6383849371401744,1.7159491165479444,0.4342063185409846,-1.5279662914226069,-1.7693817238381313,1.0
1.1674616105137539,2.514515847899828,-1.9057188918738672,0.6383120532475137,0.2361817707533018,1.0
10.769242817459912,-2.257982903455948,0.03883545373929275,-0.3893843352093657,1.187290688001464,0.0
5.034811082143565,0.7744091464359558,2.682337290974593,-1.666501764151575,-0.3116160502278795,0.0
-2.1744643098628287,0.49687798396591565,-0.9490918715869432,0.2072194026060938,-0.8853457382511113,1.0
3.2882353849054113,-1.6682370608528956,0.14693188936109755,0.4374929259877357,-1.3685700675338237,0.0
0.6076079452945833,0.16221452488532712,1.6373749092974312,-1.1145116876431884,-0.5407952464380701,0.0
3.5835636275181346,-2.2066618362335113,-1.7045353361955355,-0.801294656069422,0.36532049259059496,0.0
-0.9341581041099805,0.9277014829314423,-0.04016356161209717,-1.3533992872062266,0.06494178567675929,1.0
1.259604647315857,1.0155770695553703,-0.0805928971446988,2.0513349700103594,0.1375202682956433,1.0
-1.5882639712937796,-1.619656825104489,0.3099994203060438,-1.0919996111721515,0.053773167356383614,1.0
0.25249756818995256,-0.5313515440981982,0.5893279709361205,-0.11053902041551447,0.42868024335026145,0.0
-2.847431588756712,-2.8936476087744105,0.527988355880868,0.5988184098174918,1.4356991018429663,1.0
-1.9649501136272256,-0.9651569906173271,-0.08120825830959609,-0.09408008369067188,-0.550023048793482,1.0
2.7758655668529286,0.5580005155900141,-0.6057717419997092,0.4998317386527161,0.49990801146144415,0.0
4.396227955592691,-2.1235077080567444,0.5795101902397868,-0.7774139206524836,-0.30383493858855554,0.0
-2.592082824697703,0.2136339408026386,1.0356122030468735,0.6620028738525958,-0.5407679458285772,1.0
-3.904338149369106,1.1900666362241807,1.551981302209109,-0.9357758167164293,-0.7081212749685677,1.0
-2.8182312142632733,0.36788397783051036,-1.3514358370064312,1.7384155694710604,0.28432271976425183,1.0
0.616280870080597,0.6389116714731645,-0.19991879161924708,-1.0974991341125202,0.11868941877113612,0.0
-0.43286022220637344,-1.392044306122925,-0.08271984686288739,-1.9352786274096843,-0.0344591378828432,0.0
-4.555028840729737,3.528786016837497,-0.21526402922069052,1.0918858098984443,-2.758348813612476,1.0
-3.4481835422410487,-1.4246224572328665,-0.08872422997515106,-1.7107270707116224,-0.10661569237360573,1.0
-2.1159602648702895,1.849373600670311,-0.5566741221992236,-0.4643560547504071,-0.4749135588324975,1.0
-2.6913522037206827,1.4200617424411675,0.9691510568608431,-0.0028606320806787667,-1.256519848623209,1.0
3.213916768084753,4.046756231948156,-2.7153838595877167,1.328623130497663,-0.22167662098984353,0.0
-0.7492713563311385,1.7976385182274703,-0.5683657721748273,-0.5604990974316114,-0.9330959955348496,1.0
-3.159006039209989,-1.0357494301214512,-1.4906845657356378,-0.5931668682861261,0.5140879264788851,1.0
13.056121855146484,0.9815132114298776,0.5988118641221553,1.4729335999143285,-0.5999094553838105,0.0
-2.22867981489391,0.6674106317064307,-1.0915605690078325,-1.0783009171784985,-0.29912734908630256,1.0
-2.4928310356073378,2.598686265563168,1.669725544854958,0.633485961926331,-1.1567476416405975,1.0
-0.10335042579431068,2.280143540892632,2.109562898638404,-0.3518463479180935,0.6224812846351774,1.0
3.5912941152461575,3.926333140823994,2.0470059909627683,-0.23176350683462277,5.465267817041734,1.0
-1.34894868158908,3.5562251063535784,1.7321915123412035,-0.046991501734581526,-0.3452523902962424,1.0
-2.510117674924229,3.25131950849723,-1.68762424424951,1.189960675457047,-0.4555878793094687,1.0
-2.046029572772397,0.30488486470752146,-0.5338387430702861,-0.48984166520601047,-0.06791172245631559,1.0
-2.09706917070842,3.667095880739794,3.6322001000322715,1.5397882658373643,2.2365311664040153,1.0
3.110527691242149,1.5693895466474332,-2.613936543307439,0.6184691520341687,-1.1817769875443844,0.0
4.956725571525021,2.3848462216965722,-1.935106725657088,-0.6108426767024976,-0.1482115118695069,0.0
0.8510142629009146,-2.3067353661681524,0.5674619744087346,-0.04362531043698269,-2.0940466579991823,0.0
-2.9659992081629007,0.37150647760150274,-2.0665334581388914,2.0725073181960845,0.16303944024256933,1.0
3.334133198968932,-1.325557350336451,0.7280139120139791,1.0031977933378968,-0.9337079730451885,0.0
12.894612130691728,2.3166224590362496,6.328696243931508,1.942206801441207,-3.1602238656543187,0.0
-0.7707436769200877,-0.06410921691768691,-1.134408662348271,2.510462660441856,0.020236374026760193,1.0
-2.2025155246116004,-0.7356052332555436,0.26707991719378155,-0.037618969716267166,2.9340373547899894,1.0
-3.143412244984999,-1.8774090239737207,-0.6703688865381587,0.3033314400064215,0.4080688093754044,1.0
-0.6388805014624197,-0.9113660345265535,-2.142724487597265,-2.140914465272002,-0.4291380320193467,0.0
1.9191334243620912,-3.5380823633528533,1.2549249182829143,0.33599772244517095,0.589067114944358,0.0
1.4088683626787126,1.304929404145568,0.6414286180943665,1.886956955469524,-0.03625116184231896,1.0
4.643691316121624,-1.4820171700583396,-1.1706806945663943,-1.218605089126832,0.17807293856486983,0.0
-1.877467363225643,1.4232306470827691,-1.0708121058848599,1.709332712773008,-0.8845494512693739,1.0
1.4320694253074318,-1.0496039588202037,-1.2620116600891171,0.5331901968876306,-0.6266950813005271,0.0
1.3526270238155378,-1.1541414778652062,-1.2097936082266367,-0.8281050988412364,-0.9868054000577363,0.0
-0.7091148320833274,-1.5682323245304592,-0.6699941669530014,1.6872641956800913,0.33931517009907286,1.0
2.171416017575566,-2.826260728975859,-0.5621076326966781,-0.6608309799586594,-0.474969136878135,0.0
-1.9768403556891367,-0.41938744607939366,-0.3805752303052683,-1.7394600033269447,-0.30863773250865967,0.0
-2.6007895037921376,-0.48233546770826324,1.8723727296322703,-0.4380182531694544,0.016082612431003673,1.0
-3.258007360774376,-0.4183214096958627,-0.691805966588413,0.6598547121999783,0.1215674953503914,1.0
3.782026456313239,0.860381593593293,3.67100083268175,2.047819725917022,-2.183790931135756,0.0
-1.9920347225418,1.329355171353914,1.1352443767157647,2.0464337814408218,-0.2521274823756177,1.0
-5.015008690103839,0.5746999782333253,-0.842438182045722,2.1696627734099394,-0.8820020980934067,1.0
1.3450204377159862,-1.2747709579716946,0.5558435444823123,0.5748716592744654,-0.47084911054505796,0.0
-2.455968810757355,0.8984552927431225,0.35313347898723174,-0.3679915492231588,-1.1042867058145014,1.0
-1.837281671053852,-0.09102676887384645,-1.4452811857806844,0.6725498704828798,-0.1361969740448029,1.0
-4.346489714478748,-0.8935722752950322,0.6392555081184205,0.42562883545844465,0.9564448526301604,1.0
-0.7328129153734254,3.7021823835299914,0.6585052059246912,2.2361266331673426,-0.3364684283029643,1.0
2.399997842370323,4.837988819527304,-1.0281572400411934,0.34291742755742244,-2.391872082108629,0.0
0.3930986640338463,1.0830680631304506,2.2476055709019267,-0.4618587797777965,1.6916285257350643,1.0
-0.4123278127385781,-0.3896313166462421,-1.0457704056163912,1.3662456252030124,0.8635069948983333,1.0
-3.04992494023846,-2.2377845218251546,-0.46945295260151726,0.18277468752969228,1.5758458398049908,1.0
-1.4425637279633423,0.30587046115892885,0.5515486722592028,0.3560709866656932,-2.7029231889444656,1.0
0.08318610509694098,7.150359810543902,-0.06000936104583734,-1.8030841311496602,0.7381097967164766,1.0
7.0933067121095705,12.573194219134603,7.3587076552376045,1.2253436486785616,7.490436611404189,1.0
-3.743404542768721,0.2505015274189292,-0.09738320662978586,1.9321468441146945,-1.0435918907775887,1.0
-0.9691728150984834,0.9449443012395089,-0.8908114072956571,1.0965330301584306,-0.6135013798220006,1.0
-2.4187199077982475,0.005552415759248206,-0.7983803024832625,-0.07089244526119906,-0.07731030349375068,1.0
4.100787724832013,-0.3788038271200305,1.44631713017401,0.7023700324896965,0.0006669848338446381,0.0
-0.7516030048039958,-3.070648653502008,1.4491818625704251,-0.9534263925850814,0.8919281425855342,1.0
-3.6546465283047898,-0.6746487413576799,-0.9069859973015474,1.5111612749413381,0.2938120799839199,1.0
-4.6802115783537825,-1.1038572557463004,-0.25730869307384796,1.2464777003888945,0.4146211240744294,1.0
-0.5977817668358454,1.7856508713638937,1.4817359102843906,-0.17787185814477396,-1.5892261776802659,1.0
3.3873307661004963,-2.911037102720431,3.0072381138599833,2.8282865345026287,0.5083448213977594,0.0
6.149886188435265,-2.0176527661629295,-1.5661441824386477,0.9716475968300698,-0.33636860099647536,0.0
-1.3250313464325734,1.4692940277572903,0.8484215219022175,-1.1427669272009109,-0.047822336984099136,1.0
5.494152801151076,-4.165829288365616,-0.6012599951327918,0.149696912319913,0.6255626091593923,0.0
-2.9974032068448415,-2.7388610494649885,-0.16118370966591744,-0.4131699272046714,0.40554595212920463,1.0
-4.386732722048917,0.006872277550819922,-0.9481084233934035,2.7980063904885943,0.44573190834218906,1.0
1.213634612133087,-2.0390389584433155,0.9806961676062583,0.23896605097572152,0.08576856596648137,0.0
5.069661079286207,-1.7851523474072026,1.173646524488688,-0.6937307976929401,0.6486579506161172,0.0
-1.977701439392923,-1.842779418709914,-0.27735969839705577,0.5497497227574469,-0.20689649589610692,1.0
-2.5148764189749317,0.11425229786871281,-0.49662279177751295,2.354347107503832,-0.6893749475394411,1.0
-0.9474878940003556,-1.6847535582906172,-0.3511868624697546,-0.5772089122917559,-0.34153972824897505,0.0
2.8193683436163663,1.2651031302334457,-2.153144291922167,2.7084591212815705,-0.04004489844309181,0.0
-3.4839862947920004,1.619691993585319,2.67547005025742,1.2536112383948892,-0.5989853266912649,1.0
-4.658729577479851,-0.2229148165881527,1.559358753585743,0.5110918694493898,-1.896941530344482,1.0
-5.351618114970618,1.0267578562330975,0.3249858768873694,1.3686824222315697,-0.9186615993263311,1.0
1.1708977761881283,7.014486566510629,4.271861374316119,-0.332637874046775,2.9094475136807265,1.0
2.956301867144988,0.7064218538971434,-1.04233542899611,-0.522149597634009,1.413635654849539,0.0
-4.975702062924613,-3.3862048694019466,0.43983823613855716,-1.5775693125437116,1.033796604714773,1.0
-4.064025657476178,-1.2461661695001225,0.5744781166182119,1.7053921486737087,0.6158631331135278,1.0
9.51266984313736,-5.603484194686257,-0.6372396366849168,0.2242217142151879,-0.40654271149957644,0.0
9.007165527289343,0.5810310813947377,-3.1347150166117443,-0.8622701760648869,0.045720943255773534,0.0
0.7588784835629331,-1.6085325795348127,-1.5150960321746176,-1.076058882715746,-0.04923336940571454,0.0
-2.6593596158477357,0.5399357985623832,1.7070145638939012,1.2017517678384606,2.3547422893006225,1.0
-0.39001897854613315,-0.9892423424634589,-2.5851686703532812,-0.784529076847205,0.734308658216414,0.0
-3.8890655289543337,0.8160717020919014,1.0157168782647985,0.82492006885127,-2.133570598994397,1.0
0.36487615083259284,-3.5744612287557054,-2.2239787673791622,0.22316896458172966,0.7785321807796755,0.0
-2.835890918464245,-0.3987296951093638,-0.34744518078832204,0.8132477449670282,-0.039280487128292706,1.0
-3.310283621013361,0.15574119504227305,0.5414788841878234,-0.5124836491243149,-1.7878787686271296,1.0
-3.3573044040106232,-1.1037324310332661,0.15208948914799145,0.8281891035428506,0.7342607993737246,1.0
6.523116619987341,8.011169614633374,-0.3264237779489939,-2.771798675734177,1.598931801407179,0.0
-1.717735174524672,-0.5431655259205402,3.2983756395868222,-0.08733208939085368,0.08417183948211755,1.0
-5.565735897041132,-0.4778475760545332,4.127463205385065,-2.352492761894005,-1.0524633991705632,1.0
1.779661490345562,2.776587173533492,-0.9427625371000486,-3.0743534065856943,-0.6951343383207915,0.0
2.611484891349289,1.5614217024956738,-0.21818737676067326,-0.49277361190513225,1.1043894951431128,0.0
-2.819038510160901,-0.9701105677789383,-0.38259156304864206,0.4637910167013282,0.551787432035045,1.0
2.4984388784102154,2.2784828549225415,1.3194787192488038,-1.180838930753719,-1.8997309004646339,0.0
1.2770271750607407,-2.443258963902307,2.4663169408308763,-0.12989052369829837,2.155306329165711,0.0
3.4731973434574726,-2.2778489083590094,-1.2386839125888116,-1.1131413148471756,1.0092585763513269,0.0
1.2566751099665907,0.382393260638258,-3.8383208892574188,-0.7169180350229236,-0.6511536608640902,0.0
-1.4734313700259642,0.11689025247731274,-0.2146680184339531,-0.4908084701010529,-0.7138410487570227,1.0
1.649460694337787,-2.102291076704035,-0.9752719296655035,0.1880449940654087,0.9168280874068411,0.0
9.036589481777893,-0.6551728153071186,0.22128044362759752,-0.7647320137505265,0.5648950127460047,0.0
4.554590059869535,3.086639138089828,-2.270405364589409,-2.1911152987683353,-3.4613496148992913,0.0
-0.7811899673122753,0.6528492557107276,-0.643657080599904,0.21446862198280955,-0.4376793651457724,1.0
-0.22309260625871208,-0.7018214869990813,-2.2707618834893557,0.9986311752812754,0.6464876716376706,0.0
-3.4548953863956133,1.3069387225386508,-0.02926462276745786,0.33050413814973134,-1.8619113087434485,1.0
0.4465443967612683,-2.787707740087879,0.4443823406233183,0.4720283686643247,-0.5299899326742094,0.0
0.3144382260043676,2.0775607337485615,-2.083311889734439,-1.068539388545012,-0.21786922063177774,1.0
-2.0591919421460703,-2.4727877878777633,-1.4617187144171988,1.8680815664742951,1.8385627556106579,1.0
4.808969246145961,-3.0291029609204543,2.7440190300466716,0.28336250558279924,0.1939631985830837,0.0
-2.998710528772585,-0.39677803022277086,-0.5964660417434399,-0.20804460081320442,0.5683603665067682,1.0
12.285019765415356,-7.543410126252035,10.112425277499394,5.19426494044504,-3.85251261177215,0.0
3.372196593004022,2.5878254424478953,7.092075160577722,-0.3674953149787542,2.770570900218375,0.0
2.5087663118108,2.614648479113614,0.20638041500373425,-1.8947460822637188,-2.1247657388267522,0.0
1.318068477494094,2.154479507146921,-1.7866323487460747,-0.010170437315944834,0.1671513931881413,0.0
-0.38875629964480934,2.276797893321308,0.6273319101118948,-0.4297263914299319,0.11938124502948266,1.0
-2.756932991484444,1.086834683922369,1.7072380876888864,-0.5168312071813549,0.8070228286741202,1.0
4.94358101512276,-2.848324458356257,0.9138789582228467,0.33518342761174763,-0.48332667782076366,0.0
4.298077328132554,-4.666275191228521,-0.006841430603609132,-3.6533836236351784,0.17870445406866103,0.0
-2.3735018012040916,-0.7334025607425305,-1.5260273032972806,1.8533289933305754,1.1831173055399837,1.0
-0.967190311895229,0.4384381798268379,-1.447696327501719,1.9903617336136679,-0.0939656559975405,1.0
-2.975798787294015,1.8109737787674536,-0.22343512196024448,0.39163461892783236,-1.529371554866222,1.0
1.803247021013049,0.16646096147024414,-2.6285994510953468,-0.6437416913869759,-0.5218827679485327,0.0
-2.4783595126035167,-1.4185764480343261,-0.31653327490609084,0.32850283649774575,0.6620128621413531,1.0
-0.8260392927686375,-1.2502474770986194,0.26796064815395004,2.3106267663181708,-1.014813239545373,1.0
-3.8946973279938457,0.5385707463446443,-0.8815586631987736,1.0387998291091662,-0.809029240566464,1.0
-0.3895780894937643,-0.6144154673300314,-1.3528690699085049,1.1751917383042152,1.7898925913016361,1.0
-1.457321355150983,-0.2017267501421783,-1.0988783700831066,-2.0057762457990957,1.4785604350801087,1.0
2.755568002061794,3.4657736059758237,-2.474050586036637,-1.0082799083176337,0.15513498798666464,0.0
3.2572546725558196,-0.1252004966993773,-2.896097621660059,0.7495904392494043,-0.35285473810069945,0.0
-4.019140240878991,-1.3542473809915063,-0.3604727954970488,-2.635797570079256,0.7352452474860293,1.0
-3.6764132929450306,-1.291629058106108,0.4246103361357724,-4.60170999032704,-0.7409095092549505,1.0
3.316324115305021,-3.9391522519798965,-0.20545328799132057,-2.1182250592776555,0.969978668267612,0.0
-4.036607362874127,1.1625461041139062,0.1897476187784684,0.9405175914159214,-0.5655977623384165,1.0
-2.334233349486511,-1.3489797271634996,0.23268721606675777,-1.2129145108278692,0.05157422087400468,1.0
8.403847113840756,-4.153904777930776,0.04696915103735238,-0.5518433057087385,-0.2880810536530184,0.0
2.647568635113096,-3.951172944274236,1.371881812069657,0.20781768416193863,1.405052142363086,0.0
-0.6817688671779494,-1.1359911338944957,1.233666175930538,-3.864498992471867,1.428353573577196,1.0
3.3502957901401498,-2.154570030973648,-1.1089438828338722,-4.349007291736718,0.06238469052738711,0.0
-2.2277205188440714,-1.21499968793442,-0.1924137675321989,1.4712780226621318,0.019715091344881447,1.0
-4.477584656544324,-1.7411293627867082,-0.8882072834316539,0.7646532816454593,0.6051409476841975,1.0
1.3226214218725094,4.789476595512524,-0.6625344523252864,-1.0211983003859266,2.1500210386586036,1.0
-1.8500898599337032,-1.584128150662909,1.263917264275653,-0.8021027907157646,0.7114112974160555,1.0
3.7955656414229253,-1.0262326417526768,0.8986355993076114,-0.7604600815250198,-0.7578466822079734,0.0
-2.2813180983846837,2.077685982470951,2.4306491807102697,-1.1860603192979955,-2.8590043157041554,1.0
-3.228770118721244,-1.172073477732564,0.26466425240539465,-1.0029442102826938,0.8944682309613143,1.0
1.0259007901689237,2.3612619493945926,-1.6168850544565343,1.1459613033917009,4.144475666065655,1.0
-2.5825558387385827,0.729213110850655,-0.548143077161591,-2.3320780778225223,-1.8352632601780392,1.0
-2.485883225484955,0.4605964021676018,-0.5989203210558863,0.9987174603103358,-0.4303239854271803,1.0
7.143842039579586,-2.0748422333329324,1.088387420501204,0.716333019785389,0.8199001467213777,0.0
-3.0324811410512678,-0.6494688028279804,0.3106825882869126,0.5802827204544604,-0.7328846999115196,1.0
7.085010653114881,0.5282231834493729,-1.2799860624361654,0.6515595831829035,1.8538198055363573,0.0
1.3140990029880095,-1.775425832209332,-1.6726319051840728,0.6946204707592591,0.1128112778967713,0.0
3.711649515453239,-2.8074771110181302,-1.7561935084133886,0.9041048770621766,-0.07098681013622804,0.0
0.4604790902237621,0.39416628397316844,-1.0046986769949477,1.0753887175541927,-0.4275341126193481,0.0
6.392649919565051,-1.8230941703616104,0.4798495161836499,-1.6964601607533638,0.5566784727334289,0.0
5.255544948384042,3.894530984464703,-0.8338537572675423,1.6816020321624845,-0.7843253749479492,0.0
8.733861497962582,3.2798773564836474,2.903698385047558,-0.2771837198143253,-1.0618407147743714,0.0
3.6913178806154088,1.065646070756561,-3.51558885706288,-4.773197773533739,-0.8024845061021705,0.0
3.3782508722407476,-3.3712278927423798,-1.766777837973954,-2.077956797223433,-0.5977811232675713,0.0
-0.8402096527702779,-3.50008502719235,0.18248393262740153,-1.2425735634852972,-0.1085182332568242,0.0
3.2843726187900093,-0.9906732058105321,2.554386131722362,-0.12282615194511416,0.35083912688082497,0.0
-1.9087689290930978,-3.121945807674262,-1.0630563275584652,-1.0620661043357023,0.9572976312118453,0.0
1.6147819242293318,-2.4745733547090345,-1.9911350131336452,-0.3790905027769394,-0.44324757806501663,0.0
6.619726345435371,-6.003276430122699,0.9893773305119208,-2.88675661815714,-1.6953832042244705,0.0
-1.4646759340175028,1.6866318086653544,1.1699057480838644,0.32566252456075373,-0.46487287347248857,1.0
-2.012152428777782,-1.10348655848631,1.3380240346908925,-1.6156793463606025,0.6917212417357776,1.0
-2.2843402522540623,0.009493640134080555,-0.45043958521458805,0.2957799286810974,-0.8038672702486012,1.0
-0.7397430864154001,3.152520601500395,1.4698576506541972,-0.3148928907451991,0.9476901311572021,1.0
-4.506562510520437,-3.1692725855605364,-0.1880615318644263,0.3911599332433349,1.3852065829961668,1.0
-3.1587543016483206,0.4103017941483829,-1.1088172536073704,1.971618928465412,-0.05858692735639616,1.0
7.676149470481242,-3.075306310846883,1.481959147210829,0.5524030352091115,0.8862068798795044,0.0
-3.6391359670668324,1.5895870645166186,0.7162798439403262,0.6703851285274869,-1.577331196737276,1.0
0.33734549420964177,-3.144373450914558,-0.11572108835193738,-1.8152966422857482,0.03529156214063891,0.0
-1.276583377308905,0.8490529872565585,3.0700684595755345,1.166496393803596,-2.6781264384080004,1.0
-4.346014053920397,-0.3219780568548844,0.38847477900872585,1.1071468971000646,-1.503333113553524,1.0
0.01743079345714464,-3.45934328178217,0.3069212741683853,0.47556828726677336,0.40073455340881214,0.0
-3.4924260377946026,-2.634082403199958,-0.07218775021519952,-0.30797740493554265,0.5250162214336441,1.0
-1.8665488535027355,-0.9020642077386823,-0.8711686461874991,1.0288142292400018,-0.23187737266529965,1.0
4.9602681175344365,-1.3411230503634604,-1.457053321205521,-1.4681981491458636,-0.6124596144761355,0.0
-2.4707226842073564,-0.13802626099201618,1.7948855251774851,1.547626274821,-0.6973633619782391,1.0
3.785060101069842,-1.9019074217401417,-1.7442423205448796,0.3922861841431645,-0.3392775666824089,0.0
2.637255778048701,0.5771549981029733,-1.9946996575933074,0.272548559126852,1.1967671394795945,0.0
-1.3726850240033062,0.0058054596706750535,1.549289131915269,0.5844394311338202,3.0048788163684543,1.0
-4.138882572322631,-1.3765082379572553,0.8780488170928231,-0.05985703673680431,-0.5975976960704582,1.0
-0.6869402922207166,1.6950096226601856,1.0262126353154883,-0.8754776045521864,2.1746763513459904,1.0
-4.31212958306503,-1.9784861338252295,-0.2513065606187964,1.5749113861176243,1.983411474517327,1.0
0.4033094212411617,3.7234340052124106,4.586468928165193,0.2159109968010462,0.807800551906352,1.0
-3.0036057949717634,0.3541602283213874,1.2340150561239651,-0.7174572288395462,-1.3125628039449841,1.0
3.134008196576134,4.273459519225978,5.866277575581475,0.5965897605427213,4.201037505226637,1.0
-0.41783686664001857,-0.8085765679590793,-1.0932913877197084,-0.08973012304614982,0.257068991677964,1.0
-1.4202231334010749,1.3939781220440886,-0.8369864440485385,1.1054437778594846,-0.3644023991797038,1.0
-2.8705883497736515,-0.2686445150742648,-0.46898766523486257,-0.24550218679265268,-0.5579170835853028,1.0
-3.365845704344142,-0.8076006152654622,-0.8070794474913501,1.6636861860526342,0.0505866712118218,1.0
-3.315000154708107,-1.442176227362047,-0.5836325592792523,1.7849307830964507,-0.01927251087408007,1.0
-4.769710159302926,-0.5429618610050848,0.893868079193858,1.731060805777867,1.0017118231658968,1.0
-2.3858827579390627,-0.8241155702144084,1.983963554698614,0.05525527811179819,-0.5057289558138911,0.0
-2.787096009262966,-2.5330340015855843,-0.8840343527938754,-0.2596747987930236,1.647832476223058,1.0
-3.393841768114322,0.7539639673239115,1.7717942829893887,-0.2766761198624368,-1.085907043541107,1.0
6.5902359444731795,-1.4848624498856777,0.36134009781625365,1.1884455582602493,-0.12091229255174166,0.0
-1.4553305178587503,0.5919428669500634,1.1463403964130083,0.0790172251786571,1.0877387074952418,1.0
7.182933102518573,0.05514606519044942,2.012918000372621,0.0827757834037958,-0.6657820596894828,0.0
-3.578835402750658,0.8915829953967743,0.26148754568777705,-0.254096276720414,-0.5995942237753695,1.0
-3.057032642781637,-0.17921339076241855,0.6217732235801164,0.26139917878126073,0.8967360876609546,1.0
-3.074435832063007,-0.30605843639054064,1.259253535198949,-2.208626380659617,-0.6064113161896989,1.0
-3.8535397318498656,-1.5247264153516293,-1.1445093109745474,0.8150495016676895,0.49305016672747254,1.0
-5.390256394224743,0.5562555049155143,0.560069948695282,0.4718556315711938,-0.3997979850678962,1.0
-4.657682335126934,-3.065387436406107,-0.07600926299387951,1.5085170240341634,1.27281622889736,1.0
-4.027542388201934,-2.542907045813175,0.3532170947416453,1.5143877323439348,0.6674988335310319,1.0
-3.3478219420401816,-0.06856304583795161,-0.2701933810814147,-0.6276359316886753,-1.12568694366194,1.0
-3.299842012118963,-3.1387093963392916,0.14889222078153092,0.7424913198231099,0.3944515707238539,1.0
-2.1364041425463984,-0.0043928496386953855,-0.05513900431941811,1.7881130941313903,1.3004457104983047,1.0
-4.0380171423373215,-0.24069805436556135,-1.3281269095977664,2.440232942058218,0.2773900616283868,1.0
-3.7654145499345755,4.398200497878026,3.9502085361912367,-0.3072710293805276,-4.789660439181308,1.0
-4.871239383974693,-2.3392147897891458,-0.16829494115197546,0.6948902909904602,0.8209394313922729,1.0
-4.747248515691901,-1.7984019743771353,0.16972036263534374,1.5516101512338893,0.5351366543341558,1.0
1.8953162768110314,-2.3922380030035684,-1.676491169885953,0.7120276066088572,0.3834012141199961,0.0
1.572931139998869,6.509099304714306,2.1671588475727526,0.030076232437869162,1.0534117243457006,1.0
-4.026620250456708,-1.4022064576522248,3.1865003919496986,0.019550379554622785,0.17964580349396828,1.0
-1.2948661705951907,3.47080863711135,1.109527833297231,0.7666796314501372,0.21051043991408677,1.0
1.8348404679210886,-4.321522961201825,0.31668552374288245,0.997188839976536,0.25468781904539334,0.0
-1.8103805588669286,0.39620730392480197,-1.2303341025419559,1.2766561709685544,0.0070767461755917955,1.0
7.23648531179171,-0.03570180200769395,-2.841067295273303,0.03864441908813365,-2.4547335050519945,0.0
-3.145650189265663,-0.7425265440489457,-0.8623516576617047,0.7551642662611656,0.30012593692434253,1.0
-2.887268058149255,-0.46473162452293776,-0.47574329464541826,0.762301865166697,-0.8532163455725253,1.0
-3.1496539839124456,-1.7712483965205146,-0.03583369763077761,1.5072397081757014,0.3533043621215274,1.0
-4.6283794833608844,-1.8356183620578144,0.06423089927565784,0.09419341079920751,0.8004595301400801,1.0
2.2505103730854787,-0.34853594385049325,-1.0647511012743558,-0.23175849582022157,-1.0044995314951177,0.0
2.1078012286993952,1.1219739432022913,1.775158405989463,0.26267442620530007,-0.9608120810952407,0.0
1.7859499803172887,-0.2692216368101028,-1.7225153191738691,1.0326868613372746,1.185110401332523,0.0
-0.5276966168931568,1.2658716253088806,-0.9204410118978337,0.42947139786611216,0.5607827479701104,1.0
-3.213500979299644,1.1034431442871766,1.6119814435539797,-0.4864343975485695,-3.4592511436269198,1.0
-4.3864229674425355,-0.7611037320601689,-0.40059761514547243,0.5868576849987227,-0.3765781149221152,1.0
-3.8100178698933407,-0.909918552886634,0.4431676864955878,-0.950423188960702,-0.35163587850045563,1.0
3.319673970249984,-1.5770528490099718,1.360728190526592,-0.6941419703136176,-0.9089290480732358,0.0
-2.393275961723888,0.9900307900543498,-0.7575093623979624,1.5549808976449997,1.4314554183643706,1.0
4.68016626380763,-0.9685929483868964,-0.2912719225569841,-1.0742735714293465,-0.13255859000074152,0.0
-3.067695141696588,1.1358375651755876,0.37462230808775526,-0.62685318806332,-1.4436928821733341,1.0
7.353218575198358,-5.2426231449102625,0.31695581921737964,0.4320392884443478,-0.7060347002923004,0.0
0.2953131843699639,0.22693503940435952,-1.0894163408888782,0.9474217729416681,0.729093497163565,1.0
-1.9389694964280013,2.544988114130398,-1.0014234212870732,0.025739156282288372,1.2060982843776058,1.0
-2.0771789209683464,1.806519493293486,-1.1670793354295335,1.1422295329669852,-0.4135719783003171,1.0
4.975162358116353,-1.332572179485991,0.8709774900592782,-1.2921309669835734,-0.9619686688946765,0.0
-2.1769168779663994,0.9589112644418352,-0.23426453881371428,1.854471536991497,-1.4817826094219044,1.0
-2.4315514551043678,3.447203865631426,3.456944785845038,0.49366007520845046,-1.0457570705304862,1.0
-3.367965779602858,-0.5629288984119007,-0.1925737878431666,-0.5703786706736893,-0.3517276615893137,1.0
-1.2065977900948193,-1.3170443370151144,-0.9307407222924937,1.7047897251774984,0.7187193887079992,1.0
-3.3260792491933606,0.4751715818923023,-0.8982857930524966,0.8134880567403381,-0.5853788098423148,1.0
-1.928795400230673,1.4614698037901201,-0.10064204331169824,1.8207625768235345,-1.9359433616942048,1.0
-4.041835090457548,-1.3569174602727436,0.538341528106988,0.8339124471118136,0.17874757063514218,1.0
6.18228374148478,5.108005446845136,0.5211405489633909,0.9407390149954215,-0.6065249786747673,0.0
10.934298155497187,-3.7032540931435456,-0.8916948048062932,2.3435100664237436,-0.48878261082745594,0.0
2.1184969331856367,0.296629072431197,0.8674857152334828,-1.4502885647896144,-0.5395117311859622,0.0
-3.0121949708987663,0.24375997045366893,1.9837328773991956,1.6797261315541938,1.7036745480301503,1.0
-0.9826485814159022,0.7972523926745059,2.3694211055227927,0.1569227609021711,1.5464298005415351,1.0
0.3578938623051568,2.127838631305756,0.7082089890858422,0.18474494166730096,-0.10256977608631476,1.0
-3.1939178658397287,-1.8491520721816201,0.0993982818272918,-0.02278214027548994,0.17900277091805042,1.0
-2.9932333018849837,1.6313921999034162,2.556717721047561,1.345887723284203,0.040740827770262576,1.0
-3.19391415145927,0.5793394363268642,0.4897639604962789,0.04459512026082525,-0.7236062021730428,1.0
-4.591961853751704,-2.761127100772759,0.9805425601527036,0.3628387424749993,0.2200815752209729,1.0
-2.485916154953771,-1.188939405694465,0.3487766833636194,-1.2562915182453094,-0.12939354463905342,1.0
-2.3986653459038125,-0.250744787508578,-0.32713770931817177,-0.2773732550170102,-0.3548148674551382,1.0
-0.7796152000286698,-2.124343427143359,0.32078885158227394,0.07924919096822328,-0.08580955242891354,1.0
-3.139988426003138,-1.4880221616065257,-1.1988785025071487,0.4534494726450445,0.8409023582343557,1.0
2.73501177212788,-3.945168228424097,-0.017169351142350197,0.3001103509864845,0.28326682749234583,0.0
6.227025988330307,-1.39010969213259,2.7342371142966235,-1.093161173519061,-0.5826577138393281,0.0
-2.2237757468383377,-0.3571607163191076,-1.101682608925761,0.1862237923541582,-0.23927344796187935,1.0
5.307140021677629,-6.723414987522266,1.48566472130664,1.7765106581223775,-1.0735541051557795,0.0
7.248001059108234,-3.65546914108759,-0.15570252287825156,1.2268306686407808,0.2975923830150081,0.0
4.207220618688047,1.1762428820958561,-1.5900182862891428,-0.9788429099285448,-0.11758083138113223,0.0
-2.4996363731596736,-2.018535623120242,-0.7312743287941014,1.9850222803590645,1.1359545526580543,1.0
3.635014947819343,-1.9564409027196923,-0.8287748585742906,1.3797514858181352,0.9944196223228768,0.0
3.5192482736298247,-3.8586071275953793,-1.0225293210374742,1.384144087026697,0.32066565421846804,0.0
-2.614948306594047,-1.1024744552453527,-1.2407358619854005,0.9094760736909719,0.37848014436200567,1.0
-0.09610811451448749,-0.1298475720024327,-1.671463602007679,1.5274750942403572,0.40306546701586193,1.0
2.044856935425215,6.426819845953206,1.2741214395844265,-0.10974235315150618,4.602715396685944,1.0
-3.0667495281661195,-2.182095698811583,-0.279062798407571,-2.9385568148142487,0.47323537140452443,1.0
-1.6035864425716109,0.2925962278915209,-1.586225222875659,0.9096976337908032,1.2358683924971792,1.0
3.765932154813169,5.985295351379256,-4.88036089346471,-1.1208737144129943,-0.5642377660113155,0.0
-0.9255666039317646,2.3024814286035515,-1.5961120470107284,1.6762389585194055,-1.4269856908615663,1.0
-3.2883495957570004,0.20131133178487465,-0.627756664511924,0.612835965426363,0.17076992801206659,1.0
-1.5548521501032246,0.9798577283488309,1.1965596891945234,-1.7751767426816485,3.499125612249998,1.0
-0.39877991549291264,2.1612126984897397,-0.9456045367271696,0.37247941054982886,1.0126485372484302,1.0
-2.3005678222133774,-0.9320775881830597,-1.1299534501960564,1.452377347082777,1.5556413996836334,1.0
-0.5429013646165984,-1.3170679115573927,0.9957544509348735,-1.4848751332250456,0.2029785457988079,0.0
-2.0588194553308203,0.3204351474777237,-0.12245831956273155,1.020859495558392,2.079166970731243,1.0
-3.4245180546493414,-2.4455184097878613,0.045048860193437915,0.786141586804985,1.6031816880063838,1.0
-0.4724065527350301,3.7028294363685146,1.9537846691839653,0.99631737675165,3.8143969810611598,1.0
4.703500735950127,-0.19595573501370284,3.7570339368499885,-1.0042310097196705,0.32864641886584417,0.0
-3.6433802398937343,0.7868599120064933,-1.1621460787973517,2.0988758676489088,-0.42406669526402124,1.0
-3.594689344882921,2.6050872084863332,1.85202930997591,0.08988683154211488,-2.4425381575351452,1.0
4.149097341515519,0.7674888357451393,-0.8879749396152967,-0.00836878751010301,-0.6049789301166462,0.0
7.6721415523771705,-0.8604841520623293,-2.153650246891549,0.25472377367055504,-0.2364702693696765,0.0
-2.0103794153353087,0.42968955536669673,-0.1040891571886733,-0.16029068950869274,-1.5095042168484494,1.0
-2.9208334949104584,-1.700472472284651,0.29572723951615437,-0.414176911768237,0.36391991405672364,1.0
-0.5007378006970055,0.1067314635853956,-1.0287480454411608,-0.304884452207795,0.13912148977140504,1.0
-1.9114985760037553,-0.6513938854306948,1.4502882331319096,0.4007038426040121,2.063003422964261,1.0
-3.785099227474923,-0.326146366123173,-1.0580801378994387,0.6060075035276727,1.5261551535952496,1.0
-2.7083939686751872,-0.2196657433777389,-0.31450485598022226,0.055253292957699617,-0.04825352181751543,1.0
6.289673469488384,2.0365473925667508,-3.1820821905376597,0.15554351088553928,0.20248942071956844,0.0
-3.430770693305474,-0.9926100432969898,-0.7316950301165647,1.343724444039166,0.23584142482194245,1.0
-2.001388467631415,-0.2933264666345383,0.6192036215037384,-0.35251083583434734,1.1648212211166011,1.0
-2.4732930940532465,-0.335047022050556,-1.4823620091421412,0.4652375492943163,0.04899258225632595,1.0
-3.6472577450825745,-1.241365123105808,1.3866248159238328,1.613958250030384,-0.1729930096581273,1.0
-2.3461868515298656,0.6827413142504951,1.1327337360553684,-0.3031032361331796,-0.5416751084045858,1.0
-1.142996925873025,-1.9621714905625272,-1.2407195433018432,1.479076053290617,0.484181831354105,1.0
-1.3508573043343446,0.36957389713132494,2.4866754235273287,-1.1407168369892757,1.9058656211438731,1.0
2.763370786686555,-1.0786335071313748,-1.1796238529829859,0.41415870457486426,-0.16461198779202363,0.0
-1.969323607119797,-0.1758485148084068,0.4207309144158474,-0.7863104420191818,-0.8612502881272668,1.0
-2.93118705903391,-0.49485623913444615,-1.0170716518846938,-1.6864203938649,-0.5657262982229797,1.0
-2.9263743871319514,0.377332255988862,-0.8867940895568512,-0.11534390588518428,-0.9856791418798684,1.0
-3.996188277792843,0.9598560901019145,0.20440401823371665,-1.5102299909083643,1.7092487477461615,1.0
0.155138061761006,-0.43800821807226026,-0.461445197496905,-1.4545348365296962,0.8558377611262323,1.0
-0.9340908091436585,-2.1059455870678,1.4329173149711407,-2.894262683905768,-1.2754171617894468,0.0
-1.9296217308879642,0.8924666888562894,0.04234461632913833,-0.5588839859867019,-1.280329632527187,1.0
-2.6223386008680447,2.502101619426961,2.434999682107955,-1.8780137820321674,-3.1508175605891706,1.0
6.00361659139435,-0.09102922747109694,1.7112016107771306,0.9473749996441178,-1.1750363541625244,0.0
-2.9218778037180617,-0.009212675576115914,-0.9013032552815544,1.791327766869301,0.5769788137465892,1.0
-3.341944803973453,-0.0222247296734832,0.5033011669379658,-1.1422620865762945,-1.5647612954928696,1.0
-2.0149150329955288,0.7784521330067251,0.12557891217298484,-0.6597361181295032,-0.021930063121956143,1.0
1.9884621048562099,2.316048051395911,1.2363038190886595,1.769776685378944,0.1439968089402226,1.0
-1.6696039315140185,0.8623188486731795,-1.0103063761815623,1.3238958727408208,-0.2815669150353172,1.0
-0.3711781129180675,0.11361266033620054,-0.9983634529201859,-0.1553704416904902,1.475954887773118,1.0
-1.8489599285929563,2.5412296504733045,2.0053478813487087,0.484371072344685,-3.5086468215422584,1.0
-4.7030422022560865,-0.4323024297265104,0.005305054302789421,-1.370608642602248,-0.08509955626445993,1.0
-1.283187150341915,2.550909311984579,-0.0838602620943808,0.7715118636931393,0.5569099605386493,1.0
-2.314246819847878,0.40203147477453643,0.27462309041116095,-1.670462956670915,-0.5367106211968512,1.0
-4.659085176198508,-0.7822987550302086,0.19212194481405248,0.4936817248042626,0.5361217368867897,1.0
-3.9434733824400934,-2.0300162910483457,0.6917355593462984,0.5134068088434557,0.3401153033572114,1.0
4.949858462700654,3.0060641300701056,-1.754071417178724,-0.6723615797320234,2.8647723791663076,0.0
-0.9158035182521361,2.479013133642128,0.36260698076727355,0.26196563811438983,0.1384708345263873,1.0
4.549111146867035,-0.8160005028669868,-0.5187549809542931,0.9163393739876067,-0.07148621991634227,0.0
4.442342818783313,-0.9924388938123316,1.4423192311662913,-0.5750351784683342,-0.3575907649043544,0.0
-2.1949843011643115,-1.8053532376088501,-0.4351094236261881,0.9539432063591752,0.5538007027757548,1.0
0.664440914407146,0.4368608556689917,-2.6807819505174217,-0.7292264648168357,-0.027787184861840175,0.0
-2.240876054012504,-0.45458951122434754,-0.4655276716866323,0.18872516197338562,-0.8282925742525881,1.0
-2.125180436865743,-1.1947969112779526,0.49037201100085415,0.8553963701884799,-0.10593580351361871,1.0
-2.615317411422242,-1.8320604329958181,0.7643295098278227,-0.8231655783361047,-0.3007869200692011,1.0
-3.2109679750949836,-2.2351427012240803,-0.16622428771072154,1.13005727101216,1.2601881680443991,1.0
-0.3067503999147584,2.1849988290705626,0.03928596935949748,-0.48645475094433455,2.0894512113880372,1.0
2.472356916481296,-1.499824753654194,0.591453197646454,-2.2673515068264214,1.4058405207766216,0.0
-3.454718371447987,-2.136461547288608,0.19716280898773936,1.534176592074356,0.9428747244517494,1.0
-3.9005268463440155,0.7307759768764232,2.136071444375936,-0.7811739936460202,-0.8325533530543504,1.0
0.9817275429865157,-2.210429943162357,-1.6999189548702511,0.9709711373459095,1.1832572329071207,0.0
-1.2572515694309387,1.0676915225533448,0.2594756032048058,-1.2417535117736838,-0.3932177642594199,1.0
3.245413649915482,-1.7783586310854622,-1.793153480206754,-2.485060195984989,0.5503508489825484,0.0
-1.5572194120970135,-1.0379271029360662,-1.3012449694189683,0.6216724682186225,-0.3793535823721492,1.0
-1.249258096330955,-1.5888387884996926,-0.3264133792375598,-0.9253222723233819,1.535349488336077,1.0
4.331653343818671,-4.0493324220294875,-0.1925056971815816,-0.290613116776039,0.6108412946252301,0.0
-1.0774513311341702,1.80361815932119,1.7810413541995522,-1.6289513968087372,3.741755159523856,1.0
2.5117531035253284,-2.5288075778213828,0.7982026167641698,-0.8236756423711685,-0.42926523867517813,0.0
-2.217092305385744,0.02989128950998447,0.6364601536512023,-3.3767013248419624,0.479994554573338,1.0
-1.173830646421308,-0.4748395042192941,-0.4815708465278197,2.143959140680111,-0.2433009796837699,1.0
-2.836301445110327,-1.0181258080890447,-1.4866301837537386,0.45640629873979033,0.11470585530542013,1.0
-1.857085898836149,-1.5713931170042734,0.8264827315970102,-3.930249349375118,-0.22082666401997172,1.0
-1.328614373165844,0.7770956594858538,1.256758199324831,-3.785543443370017,-1.2450626713065123,1.0
-2.8027713570604256,-1.6663016343200099,-0.19401835465906095,-2.23310731651305,-0.20524630841252092,1.0
-3.174568797621309,-2.075733622531158,0.07490010625704546,-1.8698284564438192,-0.209325803530578,1.0
-4.087077361887816,-0.48471008223946055,0.6313637760159221,-3.4027321845709824,-0.01822385525261522,1.0
3.4754937479975627,-1.6728843940587146,0.8568268008541456,-1.156767876178526,-1.3825712333523084,0.0
16.319233233187845,-7.775852780613992,6.235416035574884,2.3280710081232474,-1.7094587039696156,0.0
-2.560115017579831,-2.4940454458805768,0.1703127239808613,-2.109757113565151,0.9792383902902818,1.0
-2.968888797538585,-0.06884714004006035,-0.7784119183837306,-0.04666548647831343,0.22820877268587578,1.0
-2.7574304531786415,-1.7939187771053327,-0.757814548784437,0.024119654708194625,1.2839146926011746,1.0
1.3703398784538463,2.1100113578262936,-0.8537195946121657,-0.7237707952952648,3.824375824309214,1.0
-0.41766449305397557,0.11651969290689493,-0.5361426860428582,-0.3641986966629972,1.5134577107249274,1.0
-3.838398624989917,0.8991786406478826,0.700563528737723,-0.2199381675387428,-1.3371605315495714,1.0
5.930964859127986,1.2282966800937636,1.721587644577641,-0.4735819231280833,2.8835397644587006,0.0
0.6454786469121456,3.4260114187276005,0.6082848564630009,0.23448673562196876,-1.2096977216258025,1.0
-2.683846400938678,1.4435555291944235,0.33940349948027304,-0.2448170970434841,-0.7926920087510657,1.0
-2.0416640516981377,-0.9032559301062963,2.8432414687393104,-2.88583141854052,-1.016709717007053,1.0
-1.399296348564622,-1.7722262410056422,-1.4795612308842192,1.3081078659861232,1.8053130513999538,1.0
-3.536415294060876,-1.2468541505067308,3.38541143386215,-4.666051983115397,-1.875729213458344,1.0
-1.9905294436991254,1.8994625602208932,-2.0309974332268803,0.9119030259649411,1.2315511291330743,1.0
-1.9981853672532859,-0.20637113752513978,-1.6413250866071616,1.0392105844099513,0.9042111755149133,1.0
-0.5206581125375177,-0.9733678118457212,-0.32413544214136836,-0.5439991345582558,1.4294369541021348,1.0
-3.1723704871946157,-2.0890522939037224,-0.9788054765208442,0.3870961686180734,1.4194744001046677,1.0
-2.2027101877311086,1.28603932544407,-0.8873989233818605,0.7011020224300941,0.1798197035308294,1.0
3.824433043011351,2.3052363165155705,0.0275462340600702,0.6702588038529752,1.2897652294470248,0.0
-2.9854846910551247,-0.6733392456509477,-0.5904900470914102,-0.594349658100785,0.4619701372658838,1.0
-2.4810551069518634,-2.363958760435974,-0.43261450864502593,-0.3834699090705256,1.0381209726855,1.0
-1.272111461071701,0.5098338523637836,-2.2389916456810375,1.6723763188256409,-0.11760660166655983,1.0
-2.235156887571015,-1.2987044909376417,-0.901436789689543,0.43409373917196387,0.18292546655163688,1.0
-0.05618310406894144,-0.22738339290959672,-2.2555155300092427,2.7105999918600183,0.8017852287832672,1.0
2.3173906068716272,4.389134337250615,1.7784112794390565,0.9694150065510331,2.645375920923311,1.0
-2.284331261718084,-2.46684075976276,-0.8211886924600452,-0.04080238337409715,1.0927823052253016,1.0
4.754614869093406,-1.4894235668913252,-1.2537514954915812,-0.05258573784142983,-0.0966232441253416,0.0
-1.7263109173156461,0.998177835614243,-0.08023832996116383,1.0646467961835382,-1.4356174034934392,1.0
-0.741781767185338,-2.452034960699406,-1.9977100288531764,-0.45793875610607254,0.26129190717789197,0.0
-2.8943106621758954,-0.9779443208622947,-0.8056444970841119,-1.7207782213871081,-0.028982112021333713,1.0
-1.6545218458849047,-4.5556641222556875,0.7523230960357633,1.6483228674907635,1.4030730068491382,1.0
3.103519704591169,-1.236153209466559,1.287355248013235,0.6086483728754771,-1.122260532256822,0.0
-4.064270596633912,-0.5609542198883319,2.176685046755038,1.3758675314526339,0.19946390010958828,1.0
-2.793330657795357,-1.0778881333738652,0.8445420715046436,-1.1102073711731253,0.004870131138355092,1.0
-1.4749199377795033,-1.5910942004927833,0.3199914099026094,-0.7988320408425321,0.15805773635939005,1.0
-0.22939463656654055,1.5159034212199751,-2.216282906907273,0.5555695026460827,0.2512014911822002,1.0
-2.5532584091173116,-0.7639004889424101,-1.6094034580882985,0.05992914031843622,0.5058467480724188,1.0
3.715705104475426,-1.058686216145247,0.5219537941910206,1.3970008389948083,0.36861319439046936,0.0
5.094841844604633,-2.019207830688282,-0.7093694951004054,-0.08279572278611574,0.3838159562830551,0.0
-0.6006161132987733,-0.8384546607548339,-0.6870419248306855,1.155333771787829,0.9824324246350374,1.0
2.790399830315251,3.3855607770010194,-0.7530760519461227,-1.333182610794866,-1.5855323809452613,0.0
-1.408771213613386,1.5057705954987113,-0.3538958146756784,1.1217400556244561,-1.8116710496705442,1.0
7.259178841621873,-5.495735718377385,1.9109260012138958,1.8957162611354126,0.39637694535485757,0.0
1.2988665505106167,7.729852808528083,-0.6889142673959989,2.89272608178061,-2.0153567288559806,1.0
1.0766932747678046,8.294775447877802,0.4341923096472242,1.9541905070813002,-1.3958708473924926,1.0
-1.2497605222069892,1.5956838636172292,-1.3564739944687476,0.12626535766516023,0.02341722725790098,1.0
-1.2569284024371146,4.11718669573289,-0.4127290502460616,1.0541709961616834,-1.1395305651034495,1.0
-1.1665352117996166,-1.665693724855859,-0.7378773613462195,1.7621646837102467,0.7383492665892633,1.0
4.094142557171951,2.8029272514681143,-0.5074333976338062,-1.977318498278835,0.1328253008781292,0.0
-1.887639240522512,1.6721917428936912,0.11979778135762935,1.2182144864612519,2.568068824063413,1.0
-2.767435701837708,-2.161048791180988,-0.021095923474019136,1.6102748418026063,0.7163775967285426,1.0
2.22699448918873,1.9416347588313878,-2.2856035164990356,-0.33986073879569334,-0.5368574511866689,0.0
-1.1315768912016588,-1.4110019694033265,-0.565053254805819,1.994961259205219,0.5284881006605768,1.0
-0.7337724530136956,-1.9436971871853226,-0.27523637274731877,-0.33782255168509834,0.660991969760922,0.0
-2.333670737170514,0.7901466060267928,-0.35004347380208667,0.44085969933847247,-1.4225498369546694,1.0
2.6972237534772074,-1.9437099491974983,-0.96056466121052,0.459509454225095,-0.5844973529025219,0.0
3.379014670016425,-2.3334289375512456,-1.2019316516690808,0.5536110679412634,0.5278782951504662,0.0
-0.19987058083409118,1.0763600010231718,-0.6731489911066528,0.6284462667243843,-0.8402494512112477,1.0
-1.1760259122893333,1.0113701813317568,-0.7117680779619354,1.0660678465274427,-1.4219017369239553,1.0
-1.2926365371603596,4.964224710471043,0.3459274808257701,2.2405332496396895,-3.8405322493544283,1.0
8.630755859838581,-3.459451909906028,-0.17905660290298958,1.1771634400041826,-0.022906002970453487,0.0
-4.429456370994818,-0.786036032759797,-0.47341907418648416,-0.696617076455631,0.10380433948928938,1.0
-0.6198387398391894,0.6363492752490464,-0.48885107177792797,-0.015155049835642547,-0.10640719071121439,1.0
-3.252315770381594,1.2859251562629683,-0.21847688656945383,0.30780966393391906,-0.09942706432699194,1.0
-3.352927053576682,2.6733006002393958,-1.7790870617904306,1.3895857900301234,-0.3544411226568544,1.0
-0.8598029871032907,0.09684852113300553,-2.814044937969972,0.18432488602814145,-0.6300738229403703,1.0
-3.1566219704496126,-0.8715426277858921,-2.19571518937688,1.4498690591891141,0.4314378454463485,1.0
0.3465281160236789,1.5412252883014588,2.8464545965051764,1.909809582921716,-0.5718372573876762,1.0
-2.4614066505702863,0.6008479704591556,-1.1714650419955703,2.2110536687678732,-0.6919121729016562,1.0
-1.5301007229410208,0.4052177855158066,0.6044644106709229,-0.3471702788499445,-0.786045795470879,1.0
-1.7735850666423143,0.8042100111174516,-2.027918133127312,-0.687332805019057,-0.6160912660177184,1.0
-2.6804416240134463,-1.484708899522249,-1.741693392839824,1.023490780171273,0.2974689623408066,1.0
4.028435261342425,-2.9414300953357086,1.6594854769899232,0.22516701225086597,-0.5135949842975044,0.0
-2.136351229516515,1.5185806382864002,0.1789650387027241,-0.5007761097980523,0.6830484064775408,1.0
5.165410947178603,-2.3822032359296483,-0.4222775479065746,0.8834284585862464,-0.20940702830520236,0.0
0.5359319493166789,0.3807151458054614,-0.44313479687213536,-1.8793719090834107,0.2268694775216055,0.0
0.34312338377693663,3.534481058151549,0.06966901532614966,-1.5506710040974703,-1.9569215886479772,1.0
-4.197079986943528,2.3673922792107702,1.3271445816213125,-2.039503379557253,-1.7619160776991396,1.0
-1.1428318660772199,5.599458467099668,1.3010367365824553,-2.1882489162864958,0.7655761794420275,1.0
-1.66547515352002,2.3896181253314235,1.5022493639768975,0.8759514833723661,0.48454598912161917,1.0
1.0117124966455164,1.0923896530889956,-0.6326981427446685,-1.758519251022978,1.0468255153160189,1.0
-1.3009297106111766,-1.821415296503371,0.37330781309035854,-1.8481700640370613,0.19962558160543628,1.0
-2.373428725373896,-1.6815762377964618,0.3845280363991941,-3.0167283267726255,-0.038246344384840515,1.0
-1.6658710101453498,-0.2139627325601556,-0.14807201688742225,-0.19705307393013005,0.5564786283161971,1.0
-1.9276781922833055,-1.137739915445637,0.47820231482940523,-1.1575005049268945,-0.2023420301941696,1.0
-4.237216618011673,0.1842724970277369,-0.32641841904890256,0.5883033943798454,-0.7046266950486123,1.0
-2.6778707216101303,2.3157928209768923,-0.053848330329656226,0.34044986063649924,0.450648840018399,1.0
-3.836497852238217,0.4962499261166287,0.9232395867501264,-0.5518712940274536,0.08003606491438159,1.0
-2.5514402970577925,0.22832995184588445,1.4141777789630143,-1.9707888464971415,-1.4563237185188234,1.0
-4.694923445359384,-0.7674779481319908,1.5439647878708236,-0.7790189017057223,-0.7848968677374902,1.0
-2.0250371640156684,1.261241900739743,0.5049260996709792,-1.1355276276875512,-0.11426299085972123,1.0
-2.895948204964025,-1.4516357614640452,0.7805461312745816,-2.9704487201065746,-0.3571505915799512,1.0
-3.502201038316068,1.8008324978142198,2.7664570993468547,-0.8663090728169741,-0.6253674102779807,1.0
-2.1539036672166576,-0.8300688177190171,0.5647967753578006,-3.011756149612711,0.5658250747139064,1.0
-2.0550840673796165,1.6164592716201338,1.8389596041177634,-3.1135354947969702,0.21104197469952354,1.0
-3.8772895785254873,1.0842547466243286,1.8599440599263972,-0.4337402755024758,-1.6874398817323992,1.0
-4.063862115496792,0.12216842803144694,3.238772441008421,-3.469182040557394,-2.2419071020345984,1.0
-0.09866733254274822,-0.21355983651975383,0.38892950159330764,-1.0127105592225887,2.989067712974917,1.0
-1.0893761912551672,1.292847895736892,1.4293786103978914,-3.37213538638201,0.947342953557794,1.0
-0.48177096358437804,-0.17801968624647763,1.0321078722276982,-2.0102811144775576,0.3271018768183436,1.0
-4.87030951912407,-2.1311061121373673,3.414188511580024,-5.13398713496804,-0.4889194362033438,1.0
5.917612594552614,3.4826366770836863,-3.262790541953953,-3.917589467044512,1.7163760579226277,0.0
8.741338077515099,-0.5738546720495159,0.8970902080752904,0.3851497121642643,0.6790432580175791,0.0
6.4393154847305185,-3.5768174388716876,2.4594866833503337,1.1773135475339152,-0.07482526632489583,0.0
3.793382371085952,-3.584047857722794,2.088476590731269,-2.506028492334497,-0.5107237298652013,0.0
1.2561792772876368,-1.9022967094448,0.5627307778618511,-2.0892279867508896,1.8099900140500733,0.0
10.374794059759646,1.6720101021620533,-1.8770293439196606,-2.3560308706788495,-0.03374175822700588,0.0
-5.475243307118075,-0.6706368110203044,1.4904420572183303,-2.299153409423281,-0.18469821680410972,1.0
